1/22/2020,DE,0,,,0,,0,,,0,,3/26/2020 16:22,Agree,Agree
1/23/2020,DE,0,,,0,,0,,,0,,3/26/2020 16:22,Agree,Agree
1/24/2020,DE,0,,,0,,0,,,0,,3/26/2020 16:22,Agree,Agree
1/25/2020,DE,0,,,0,,0,,,0,,3/26/2020 16:22,Agree,Agree
1/26/2020,DE,0,,,0,,0,,,0,,3/26/2020 16:22,Agree,Agree
1/27/2020,DE,0,,,0,,0,,,0,,3/26/2020 16:22,Agree,Agree
1/28/2020,DE,0,,,0,,0,,,0,,3/26/2020 16:22,Agree,Agree
1/29/2020,DE,0,,,0,,0,,,0,,3/26/2020 16:22,Agree,Agree
1/30/2020,DE,0,,,0,,0,,,0,,3/26/2020 16:22,Agree,Agree
1/31/2020,DE,0,,,0,,0,,,0,,3/26/2020 16:22,Agree,Agree
2/1/2020,DE,0,,,0,,0,,,0,,3/26/2020 16:22,Agree,Agree
2/2/2020,DE,0,,,0,,0,,,0,,3/26/2020 16:22,Agree,Agree
2/3/2020,DE,0,,,0,,0,,,0,,3/26/2020 16:22,Agree,Agree
2/4/2020,DE,0,,,0,,0,,,0,,3/26/2020 16:22,Agree,Agree
2/5/2020,DE,0,,,0,,0,,,0,,3/26/2020 16:22,Agree,Agree
2/6/2020,DE,0,,,0,,0,,,0,,3/26/2020 16:22,Agree,Agree
2/7/2020,DE,0,,,0,,0,,,0,,3/26/2020 16:22,Agree,Agree
2/8/2020,DE,0,,,0,,0,,,0,,3/26/2020 16:22,Agree,Agree
2/9/2020,DE,0,,,0,,0,,,0,,3/26/2020 16:22,Agree,Agree
2/10/2020,DE,0,,,0,,0,,,0,,3/26/2020 16:22,Agree,Agree
2/11/2020,DE,0,,,0,,0,,,0,,3/26/2020 16:22,Agree,Agree
2/12/2020,DE,0,,,0,,0,,,0,,3/26/2020 16:22,Agree,Agree
2/13/2020,DE,0,,,0,,0,,,0,,3/26/2020 16:22,Agree,Agree
2/14/2020,DE,0,,,0,,0,,,0,,3/26/2020 16:22,Agree,Agree
2/15/2020,DE,0,,,0,,0,,,0,,3/26/2020 16:22,Agree,Agree
2/16/2020,DE,0,,,0,,0,,,0,,3/26/2020 16:22,Agree,Agree
2/17/2020,DE,0,,,0,,0,,,0,,3/26/2020 16:22,Agree,Agree
2/18/2020,DE,0,,,0,,0,,,0,,3/26/2020 16:22,Agree,Agree
2/19/2020,DE,0,,,0,,0,,,0,,3/26/2020 16:22,Agree,Agree
2/20/2020,DE,0,,,0,,0,,,0,,3/26/2020 16:22,Agree,Agree
2/21/2020,DE,0,,,0,,0,,,0,,3/26/2020 16:22,Agree,Agree
2/22/2020,DE,0,,,0,,0,,,0,,3/26/2020 16:22,Agree,Agree
2/23/2020,DE,0,,,0,,0,,,0,,3/26/2020 16:22,Agree,Agree
2/24/2020,DE,0,,,0,,0,,,0,,3/26/2020 16:22,Agree,Agree
2/25/2020,DE,0,,,0,,0,,,0,,3/26/2020 16:22,Agree,Agree
2/26/2020,DE,0,,,0,,0,,,0,,3/26/2020 16:22,Agree,Agree
2/27/2020,DE,0,,,0,,0,,,0,,3/26/2020 16:22,Agree,Agree
2/28/2020,DE,0,,,0,,0,,,0,,3/26/2020 16:22,Agree,Agree
2/29/2020,DE,0,,,0,,0,,,0,,3/26/2020 16:22,Agree,Agree
3/1/2020,DE,0,,,0,,0,,,0,,3/26/2020 16:22,Agree,Agree
3/2/2020,DE,0,,,0,,0,,,0,,3/26/2020 16:22,Agree,Agree
3/3/2020,DE,0,,,0,,0,,,0,,3/26/2020 16:22,Agree,Agree
3/4/2020,DE,0,,,0,,0,,,0,,3/26/2020 16:22,Agree,Agree
3/5/2020,DE,0,,,0,,0,,,0,,3/26/2020 16:22,Agree,Agree
3/6/2020,DE,0,,,0,,0,,,0,,3/26/2020 16:22,Agree,Agree
3/7/2020,DE,0,,,0,,0,,,0,,3/26/2020 16:22,Agree,Agree
3/8/2020,DE,0,,,0,,0,,,0,,3/26/2020 16:22,Agree,Agree
3/9/2020,DE,0,,,0,,0,,,0,,3/26/2020 16:22,Agree,Agree
3/10/2020,DE,0,,,0,,0,,,0,,3/26/2020 16:22,Agree,Agree
3/11/2020,DE,1,,,1,,0,,,0,,3/26/2020 16:22,Agree,Agree
3/12/2020,DE,4,,,3,,0,,,0,,3/26/2020 16:22,Agree,Agree
3/13/2020,DE,5,,,1,,0,,,0,,3/26/2020 16:22,Agree,Agree
3/14/2020,DE,8,,,3,,0,,,0,,3/26/2020 16:22,Agree,Agree
3/15/2020,DE,8,,,0,,0,,,0,,3/26/2020 16:22,Agree,Agree
3/16/2020,DE,8,,,0,,0,,,0,,3/26/2020 16:22,Agree,Agree
3/17/2020,DE,16,,,8,,0,,,0,,3/26/2020 16:22,Agree,Agree
3/18/2020,DE,26,,,10,,0,,,0,,3/26/2020 16:22,Agree,Agree
3/19/2020,DE,30,,,4,,0,,,0,,3/26/2020 16:22,Agree,Agree
3/20/2020,DE,39,,,9,,0,,,0,,3/26/2020 16:22,Agree,Agree
3/21/2020,DE,45,,,6,,0,,,0,,3/26/2020 16:22,Agree,Agree
3/22/2020,DE,56,,,11,,0,,,0,,3/26/2020 16:22,Agree,Agree
3/23/2020,DE,87,,,31,,0,,,0,,3/26/2020 16:22,Agree,Agree
3/24/2020,DE,104,,,17,,0,,,0,,3/26/2020 16:22,Agree,Agree
3/25/2020,DE,119,,,15,,0,,,0,,3/26/2020 16:22,Agree,Agree
3/26/2020,DE,143,,,24,,2,,,2,,3/26/2020 16:22,Agree,Agree
3/27/2020,DE,165,,,22,,2,,,0,,3/26/2020 16:22,Agree,Agree
3/28/2020,DE,214,,,49,,5,,,3,,3/28/2020 16:22,Agree,Agree
3/29/2020,DE,232,,,18,,6,,,1,,3/28/2020 16:22,Agree,Agree
3/30/2020,DE,264,,,32,,7,,,1,,3/29/2020 16:22,Agree,Agree
3/31/2020,DE,319,,,55,,10,,,3,,3/30/2020 16:22,Agree,Agree
4/1/2020,DE,368,,,49,,11,,,1,,3/31/2020 16:22,Agree,Agree
4/2/2020,DE,393,,,25,,12,,,1,,4/1/2020 16:22,Agree,Agree
4/3/2020,DE,450,,,57,,14,,,2,,4/3/2020 16:22,Agree,Agree
4/4/2020,DE,593,,,143,,14,,,0,,4/3/2020 16:22,Agree,Agree
4/5/2020,DE,673,,,80,,14,,,0,,4/4/2020 16:22,Agree,Agree
4/6/2020,DE,783,,,110,,15,,,1,,4/5/2020 16:22,Agree,Agree
4/7/2020,DE,928,,,145,,16,,,1,,4/7/2020 16:22,Agree,Agree
4/8/2020,DE,1116,,,188,,19,,,3,,4/7/2020 16:22,Agree,Agree
4/9/2020,DE,1209,,,93,,23,,,4,,4/8/2020 16:22,Agree,Agree
4/10/2020,DE,1326,,,117,,32,,,9,,4/9/2020 16:22,Agree,Agree
4/11/2020,DE,1479,,,153,,33,,,1,,4/10/2020 16:22,Agree,Agree
4/12/2020,DE,1625,,,146,,35,,,2,,4/11/2020 16:22,Agree,Agree
4/13/2020,DE,1761,,,136,,41,,,6,,4/12/2020 16:22,Agree,Agree
4/14/2020,DE,1926,,,165,,43,,,2,,4/13/2020 16:22,Agree,Agree
4/15/2020,DE,2014,,,88,,46,,,3,,4/15/2020 16:22,Agree,Agree
4/16/2020,DE,2075,,,61,,52,,,6,,4/16/2020 16:22,Agree,Agree
4/17/2020,DE,2323,,,248,,61,,,9,,4/17/2020 16:22,Agree,Agree
4/18/2020,DE,2538,,,215,,67,,,6,,4/18/2020 16:22,Agree,Agree
4/19/2020,DE,2745,2708,37,207,37,72,63,9,5,9,4/19/2020 16:22,Agree,Agree
4/20/2020,DE,2745,,,0,,72,,,0,,4/20/2020 16:22,Agree,Agree
4/21/2020,DE,3200,3159,41,455,41,89,79,10,17,10,4/21/2020 16:22,Agree,Agree
4/22/2020,DE,3308,3267,41,108,0,92,82,10,3,0,4/22/2020 16:22,Agree,Agree
4/23/2020,DE,3442,3401,41,134,0,100,90,10,8,0,5/25/2020 15:38,Agree,Agree
4/24/2020,DE,3442,3442,0,0,-41,100,100,0,0,-10,5/25/2020 15:38,Agree,Agree
4/25/2020,DE,3576,3576,0,134,0,112,112,0,12,0,5/25/2020 15:38,Agree,Agree
4/26/2020,DE,4162,4118,44,586,44,125,114,11,13,11,5/25/2020 15:38,Agree,Agree
4/27/2020,DE,4575,4446,129,413,85,137,126,11,12,0,5/25/2020 15:38,Agree,Agree
4/28/2020,DE,4655,4526,129,80,0,144,133,11,7,0,4/29/2020 18:12,Agree,Agree
4/29/2020,DE,4734,4605,129,79,0,152,141,11,8,0,4/30/2020 16:07,Agree,Agree
4/30/2020,DE,4734,4734,0,0,-129,152,152,0,0,-11,5/1/2020 21:00,Agree,Agree
5/1/2020,DE,4918,4918,0,184,0,159,159,0,7,0,5/2/2020 15:47,Agree,Agree
5/2/2020,DE,5038,5038,0,120,0,168,168,0,9,0,5/3/2020 15:36,Agree,Agree
5/3/2020,DE,5208,5208,0,170,0,177,177,0,9,0,5/4/2020 22:49,Agree,Agree
5/4/2020,DE,5288,5288,0,80,0,182,182,0,5,0,5/5/2020 17:25,Agree,Agree
5/5/2020,DE,5371,5371,0,83,0,187,187,0,5,0,5/6/2020 16:23,Agree,Agree
5/6/2020,DE,5778,5778,0,407,0,193,193,0,6,0,5/7/2020 22:59,Agree,Agree
5/7/2020,DE,6111,5927,184,333,184,213,202,11,20,11,5/8/2020 21:26,Agree,Agree
5/8/2020,DE,6111,6111,0,0,-184,213,213,0,0,-11,5/9/2020 21:26,Agree,Agree
5/9/2020,DE,6447,6263,184,336,184,224,213,11,11,11,5/10/2020 21:26,Agree,Agree
5/10/2020,DE,6565,6381,184,118,0,225,214,11,1,0,5/11/2020 21:26,Agree,Agree
5/11/2020,DE,6741,6489,252,176,68,237,226,11,12,0,5/12/2020 17:26,Agree,Agree
5/12/2020,DE,6952,6597,355,211,103,247,236,11,10,0,5/13/2020 15:26,Agree,Agree
5/13/2020,DE,7223,6738,485,271,130,260,248,12,13,1,5/14/2020 17:25,Agree,Agree
5/14/2020,DE,7373,6881,492,150,7,271,257,14,11,2,5/15/2020 16:11,Agree,Agree
5/15/2020,DE,7373,7373,0,0,-492,271,271,0,0,-14,5/16/2020 15:46,Agree,Agree
5/16/2020,DE,7547,7547,0,174,0,286,286,0,15,0,5/17/2020 15:27,Agree,Agree
5/17/2020,DE,7869,7063,806,322,806,297,277,20,11,20,5/18/2020 16:01,Agree,Agree
5/18/2020,DE,8037,7207,830,168,24,304,284,20,7,0,5/19/2020 15:45,Agree,Agree
5/19/2020,DE,8194,7349,845,157,15,310,288,22,6,2,5/20/2020 15:28,Agree,Agree
5/20/2020,DE,8386,7526,860,192,15,317,294,23,7,1,5/21/2020 15:41,Agree,Agree
5/21/2020,DE,8529,7663,866,143,6,322,299,23,5,0,5/22/2020 15:31,Agree,Agree
5/22/2020,DE,8690,7809,881,161,15,324,301,23,2,0,5/23/2020 17:58,Agree,Agree
5/23/2020,DE,8690,8690,0,0,-881,324,324,0,0,-23,5/24/2020 14:15,Agree,Agree
5/24/2020,DE,8809,8809,0,119,0,326,326,0,2,0,5/25/2020 14:12,Agree,Agree
5/25/2020,DE,9067,8133,934,258,934,337,314,23,11,23,5/26/2020 14:23,Agree,Agree
5/26/2020,DE,9096,8162,934,29,0,344,321,23,7,0,5/27/2020 15:37,Agree,Agree
5/27/2020,DE,9171,8239,932,75,-2,345,322,23,1,0,5/28/2020 15:12,Agree,Agree
5/28/2020,DE,9236,8304,932,65,0,356,333,23,11,0,5/29/2020 14:19,Agree,Agree
5/29/2020,DE,9422,8488,934,186,2,361,337,24,5,1,5/30/2020 15:47,Agree,Agree
5/30/2020,DE,9498,8563,935,76,1,366,342,24,5,0,5/31/2020 14:43,Agree,Agree
5/31/2020,DE,9606,8669,937,108,2,369,345,24,3,0,6/1/2020 14:17,Agree,Agree
6/1/2020,DE,9685,8747,938,79,1,373,349,24,4,0,6/2/2020 14:16,Agree,Agree
6/2/2020,DE,9712,8774,938,27,0,375,351,24,2,0,6/3/2020 14:11,Agree,Agree
6/3/2020,DE,9746,8804,942,34,4,386,362,24,11,0,6/4/2020 15:03,Agree,Agree
6/4/2020,DE,9773,8832,941,27,-1,388,364,24,2,0,6/5/2020 15:17,Agree,Agree
6/5/2020,DE,9845,8904,941,72,0,390,366,24,2,0,6/6/2020 14:31,Agree,Agree
6/6/2020,DE,9942,8999,943,97,2,398,374,24,8,0,6/7/2020 14:23,Agree,Agree
6/7/2020,DE,9972,9027,945,30,2,398,374,24,0,0,6/8/2020 14:55,Agree,Agree
6/8/2020,DE,10020,9074,946,48,1,410,386,24,12,0,6/9/2020 16:49,Agree,Agree
6/9/2020,DE,10056,9111,945,36,-1,413,389,24,3,0,6/10/2020 20:56,Agree,Agree
6/10/2020,DE,10107,9159,948,51,3,414,390,24,1,0,6/11/2020 14:48,Agree,Agree
6/11/2020,DE,10173,9222,951,66,3,414,390,24,0,0,6/12/2020 14:17,Agree,Agree
6/12/2020,DE,10229,9278,951,56,0,418,394,24,4,0,6/13/2020 17:46,Agree,Agree
6/13/2020,DE,10264,9313,951,35,0,422,397,25,4,1,6/14/2020 14:19,Agree,Agree
6/14/2020,DE,10340,9378,962,76,11,423,398,25,1,0,6/15/2020 14:33,Agree,Agree
6/15/2020,DE,10403,9429,974,63,12,424,399,25,1,0,6/16/2020 14:10,Agree,Agree
6/16/2020,DE,10444,9470,974,41,0,426,401,25,2,0,6/17/2020 15:06,Agree,Agree
6/17/2020,DE,10500,9525,975,56,1,431,406,25,5,0,6/18/2020 17:16,Agree,Agree
6/18/2020,DE,10611,9580,1031,111,56,433,408,25,2,0,6/19/2020 15:01,Agree,Agree
6/19/2020,DE,10611,9580,1031,0,0,433,408,25,0,0,6/20/2020 14:15,Agree,Agree
6/20/2020,DE,10775,9724,1051,164,20,435,410,25,2,0,6/21/2020 14:32,Agree,Agree
6/21/2020,DE,10822,9766,1056,47,5,435,410,25,0,0,6/22/2020 15:24,Agree,Agree
6/22/2020,DE,10847,9792,1055,25,-1,504,446,58,69,33,6/23/2020 14:28,Agree,Agree
6/23/2020,DE,10889,9834,1055,42,0,505,447,58,1,0,6/24/2020 15:03,Agree,Agree
6/24/2020,DE,10980,9925,1055,91,0,507,449,58,2,0,6/25/2020 14:07,Agree,Agree
6/25/2020,DE,11017,9972,1045,37,-10,507,449,58,0,0,6/26/2020 19:18,Agree,Agree
6/26/2020,DE,11107,10062,1045,90,0,507,449,58,0,0,6/27/2020 17:51,Agree,Agree
6/27/2020,DE,11253,10189,1064,146,19,507,449,58,0,0,6/28/2020 14:59,Agree,Agree
6/28/2020,DE,11416,10344,1072,163,8,507,449,58,0,0,6/29/2020 14:37,Agree,Agree
6/29/2020,DE,11376,10306,1070,-40,-2,507,449,58,0,0,6/30/2020 15:27,Agree,Agree
6/30/2020,DE,11510,10466,1044,134,-26,509,451,58,2,0,7/1/2020 15:45,Agree,Agree
7/1/2020,DE,11739,10695,1044,229,0,510,453,57,1,-1,7/2/2020 15:10,Agree,Agree
7/2/2020,DE,11731,10687,1044,-8,0,510,453,57,0,0,7/3/2020 15:01,Agree,Agree
7/3/2020,DE,11923,10879,1044,192,0,512,455,57,2,0,7/4/2020 15:30,Agree,Agree
7/4/2020,DE,12128,11084,1044,205,0,512,455,57,0,0,7/5/2020 15:00,Agree,Agree
7/5/2020,DE,12348,11304,1044,220,0,512,455,57,0,0,7/6/2020 15:16,Agree,Agree
7/6/2020,DE,12469,11425,1044,121,0,514,457,57,2,0,7/7/2020 14:58,Agree,Agree
7/7/2020,DE,12525,11481,1044,56,0,515,458,57,1,0,7/8/2020 14:12,Agree,Agree
7/8/2020,DE,12610,11566,1044,85,0,517,460,57,2,0,7/9/2020 15:14,Agree,Agree
7/9/2020,DE,12751,11707,1044,141,0,518,461,57,1,0,7/10/2020 15:35,Agree,Agree
7/10/2020,DE,12857,11813,1044,106,0,518,461,57,0,0,7/11/2020 18:25,Agree,Agree
7/11/2020,DE,12978,11934,1044,121,0,518,461,57,0,0,7/12/2020 15:13,Agree,Agree
7/12/2020,DE,12879,11898,981,-99,-63,517,459,58,-1,1,7/13/2020 15:19,Agree,Agree
7/13/2020,DE,12969,11989,980,90,-1,518,460,58,1,0,7/14/2020 15:13,Agree,Agree
7/14/2020,DE,13050,12069,981,81,1,521,463,58,3,0,7/15/2020 15:05,Agree,Agree
7/15/2020,DE,13114,12131,983,64,2,521,463,58,0,0,7/16/2020 14:22,Agree,Agree
7/16/2020,DE,13337,12355,982,223,-1,521,463,58,0,0,7/17/2020 14:31,Agree,Agree
7/17/2020,DE,13429,12447,982,92,0,523,465,58,2,0,7/18/2020 16:14,Agree,Agree
7/18/2020,DE,13429,12447,982,0,0,523,465,58,0,0,7/19/2020 15:05,Agree,Agree
7/19/2020,DE,13519,12537,982,90,0,523,465,58,0,0,7/20/2020 14:35,Agree,Agree
7/20/2020,DE,13746,12763,983,227,1,525,467,58,2,0,7/21/2020 14:50,Agree,Agree
7/21/2020,DE,13792,12804,988,46,5,527,469,58,2,0,7/22/2020 14:51,Agree,Agree
7/22/2020,DE,13924,12933,991,132,3,529,471,58,2,0,7/23/2020 14:48,Agree,Agree
7/23/2020,DE,13924,12933,991,0,0,529,471,58,0,0,7/24/2020 14:18,Agree,Agree
7/24/2020,DE,14202,13205,997,278,6,578,508,70,49,12,7/25/2020 17:40,Agree,Agree
7/25/2020,DE,14175,13179,996,-27,-1,579,509,70,1,0,7/26/2020 15:17,Agree,Agree
7/26/2020,DE,14406,13410,996,231,0,579,509,70,0,0,7/27/2020 14:16,Agree,Agree
7/27/2020,DE,14476,13480,996,70,0,580,510,70,1,0,7/28/2020 14:21,Agree,Agree
7/28/2020,DE,14602,13606,996,126,0,581,511,70,1,0,7/29/2020 14:34,Agree,Agree
7/29/2020,DE,14689,13692,997,87,1,581,511,70,0,0,7/30/2020 14:42,Agree,Agree
7/30/2020,DE,14689,13692,997,0,0,581,511,70,0,0,7/31/2020 14:35,Agree,Agree
7/31/2020,DE,14877,13880,997,188,0,585,515,70,4,0,8/1/2020 14:38,Agree,Agree
8/1/2020,DE,14877,13880,997,0,0,585,515,70,0,0,8/2/2020 14:54,Agree,Agree
8/2/2020,DE,14949,13952,997,72,0,585,515,70,0,0,8/3/2020 14:31,Agree,Agree
8/3/2020,DE,15055,14058,997,106,0,585,515,70,0,0,8/4/2020 14:09,Agree,Agree
8/4/2020,DE,15296,14299,997,241,0,587,517,70,2,0,8/5/2020 14:13,Agree,Agree
8/5/2020,DE,15365,14368,997,69,0,587,517,70,0,0,8/6/2020 14:12,Agree,Agree
8/6/2020,DE,15365,14368,997,0,0,587,517,70,0,0,8/7/2020 23:57,Agree,Agree
8/7/2020,DE,15502,14502,1000,137,3,590,520,70,3,0,8/8/2020 14:58,Agree,Agree
8/8/2020,DE,15575,14576,999,73,-1,591,521,70,1,0,8/9/2020 14:03,Agree,Agree
8/9/2020,DE,15634,14636,998,59,-1,591,521,70,0,0,8/10/2020 14:23,Agree,Agree
8/10/2020,DE,15634,14636,998,0,0,591,521,70,0,0,8/11/2020 14:16,Agree,Agree
8/11/2020,DE,15699,14700,999,65,1,591,521,70,0,0,8/12/2020 13:50,Agree,Agree
8/12/2020,DE,15967,14968,999,268,0,593,524,69,2,-1,8/13/2020 14:12,Agree,Agree
8/13/2020,DE,15967,14968,999,0,0,593,524,69,0,0,8/14/2020 14:30,Agree,Agree
8/14/2020,DE,16396,15392,1004,429,5,593,524,69,0,0,8/15/2020 14:02,Agree,Agree
8/15/2020,DE,16451,15448,1003,55,-1,593,524,69,0,0,8/16/2020 14:57,Agree,Agree
8/16/2020,DE,16536,15532,1004,85,1,593,524,69,0,0,8/17/2020 14:26,Agree,Agree
8/17/2020,DE,16536,15532,1004,0,0,593,524,69,0,0,8/18/2020 14:26,Agree,Agree
8/18/2020,DE,16643,15639,1004,107,0,595,526,69,2,0,8/19/2020 14:23,Agree,Agree
8/19/2020,DE,16718,15714,1004,75,0,595,526,69,0,0,8/20/2020 15:11,Agree,Agree
8/20/2020,DE,16770,15766,1004,52,0,600,531,69,5,0,8/21/2020 14:27,Agree,Agree
8/21/2020,DE,16831,15824,1007,61,3,600,531,69,0,0,8/22/2020 14:21,Agree,Agree
8/22/2020,DE,16895,15881,1014,64,7,600,531,69,0,0,8/23/2020 14:15,Agree,Agree
8/23/2020,DE,16942,15930,1012,47,-2,604,532,72,4,3,8/24/2020 13:54,Agree,Agree
8/24/2020,DE,16962,15960,1002,20,-10,604,532,72,0,0,8/25/2020 14:02,Agree,Agree
8/25/2020,DE,16986,15991,995,24,-7,604,533,71,0,-1,8/26/2020 13:51,Agree,Agree
8/26/2020,DE,16976,15987,989,-10,-6,604,533,71,0,0,8/27/2020 13:42,Agree,Agree
8/27/2020,DE,16976,15987,989,0,0,604,533,71,0,0,8/28/2020 13:43,Agree,Agree
8/28/2020,DE,17349,16336,1013,373,24,604,533,71,0,0,8/29/2020 13:42,Agree,Agree
8/29/2020,DE,17456,16441,1015,107,2,604,533,71,0,0,8/30/2020 14:49,Agree,Agree
8/30/2020,DE,17343,16346,997,-113,-18,604,533,71,0,0,8/31/2020 14:05,Agree,Agree
8/31/2020,DE,17535,16537,998,192,1,605,533,72,1,1,9/1/2020 14:09,Agree,Agree
9/1/2020,DE,17535,16537,998,0,0,605,533,72,0,0,9/2/2020 13:49,Agree,Agree
9/2/2020,DE,17653,16663,990,118,-8,606,534,72,1,0,9/3/2020 14:18,Agree,Agree
9/3/2020,DE,17752,16762,990,99,0,606,534,72,0,0,9/4/2020 13:36,Agree,Agree
9/4/2020,DE,17892,16902,990,140,0,608,536,72,2,0,9/5/2020 14:09,Agree,Agree
9/5/2020,DE,18043,17053,990,151,0,609,537,72,1,0,9/6/2020 14:09,Agree,Agree
9/6/2020,DE,18249,17259,990,206,0,609,537,72,0,0,9/7/2020 13:37,Agree,Agree
9/7/2020,DE,18308,17317,991,59,1,609,537,72,0,0,9/8/2020 14:47,Agree,Agree
9/8/2020,DE,18308,17317,991,0,0,609,537,72,0,0,9/9/2020 13:47,Agree,Agree
9/9/2020,DE,18308,17317,991,0,0,609,537,72,0,0,9/10/2020 14:02,Agree,Agree
9/10/2020,DE,18466,17475,991,158,0,613,541,72,4,0,9/11/2020 13:51,Agree,Agree
9/11/2020,DE,18559,17568,991,93,0,613,541,72,0,0,9/12/2020 14:12,Agree,Agree
9/12/2020,DE,18849,17857,992,290,1,615,543,72,2,0,9/13/2020 16:17,Agree,Agree
9/13/2020,DE,18937,17945,992,88,0,617,545,72,2,0,9/14/2020 14:01,Agree,Agree
9/14/2020,DE,19121,18122,999,184,7,618,545,73,1,1,9/15/2020 14:03,Agree,Agree
9/15/2020,DE,19137,18138,999,16,0,618,546,72,0,-1,9/16/2020 13:53,Agree,Agree
9/16/2020,DE,19234,18235,999,97,0,619,547,72,1,0,9/17/2020 13:45,Agree,Agree
9/17/2020,DE,19378,18363,1015,144,16,619,547,72,0,0,9/18/2020 13:48,Agree,Agree
9/18/2020,DE,19449,18429,1020,71,5,621,548,73,2,1,9/19/2020 14:00,Agree,Agree
9/19/2020,DE,19449,18429,1020,0,0,621,548,73,0,0,9/20/2020 13:53,Agree,Agree
9/20/2020,DE,19667,18648,1019,218,-1,627,550,77,6,4,9/21/2020 13:47,Agree,Agree
9/21/2020,DE,19667,18648,1019,0,0,627,550,77,0,0,9/22/2020 13:51,Agree,Agree
9/22/2020,DE,19761,18733,1028,94,9,628,551,77,1,0,9/23/2020 13:51,Agree,Agree
9/23/2020,DE,19947,18916,1031,186,3,630,553,77,2,0,9/24/2020 13:54,Agree,Agree
9/24/2020,DE,19947,18916,1031,0,0,630,553,77,0,0,9/25/2020 13:54,Agree,Agree
9/25/2020,DE,20085,19044,1041,138,10,631,554,77,1,0,9/26/2020 13:46,Agree,Agree
9/26/2020,DE,20260,19207,1053,175,12,633,556,77,2,0,9/27/2020 13:39,Agree,Agree
9/27/2020,DE,20389,19334,1055,129,2,634,557,77,1,0,9/28/2020 13:50,Agree,Agree
9/28/2020,DE,20531,19465,1066,142,11,635,558,77,1,0,9/29/2020 13:50,Agree,Agree
9/29/2020,DE,20531,19465,1066,0,0,635,558,77,0,0,9/30/2020 14:17,Agree,Agree
9/30/2020,DE,20613,19540,1073,82,7,636,559,77,1,0,10/1/2020 13:42,Agree,Agree
10/1/2020,DE,20937,19839,1098,324,25,642,562,80,6,3,10/2/2020 13:40,Agree,Agree
10/2/2020,DE,21125,20018,1107,188,9,645,565,80,3,0,10/3/2020 13:39,Agree,Agree
10/3/2020,DE,21243,20167,1076,118,-31,645,565,80,0,0,10/4/2020 13:35,Agree,Agree
10/4/2020,DE,21363,20287,1076,120,0,645,565,80,0,0,10/5/2020 13:49,Agree,Agree
10/5/2020,DE,21363,20287,1076,0,0,645,565,80,0,0,10/6/2020 13:33,Agree,Agree
10/6/2020,DE,21466,20392,1074,103,-2,646,566,80,1,0,10/7/2020 13:45,Agree,Agree
10/7/2020,DE,21550,20474,1076,84,2,649,569,80,3,0,10/8/2020 13:56,Agree,Agree
10/8/2020,DE,21682,20604,1078,132,2,651,571,80,2,0,10/9/2020 13:43,Agree,Agree
10/9/2020,DE,21827,20748,1079,145,1,651,571,80,0,0,10/10/2020 13:30,Agree,Agree
10/10/2020,DE,22130,21050,1080,303,1,654,574,80,3,0,10/11/2020 13:47,Agree,Agree
10/11/2020,DE,22130,21050,1080,0,0,654,574,80,0,0,10/12/2020 14:07,Agree,Agree
10/12/2020,DE,22394,21311,1083,264,3,659,579,80,5,0,10/13/2020 13:29,Agree,Agree
10/13/2020,DE,22394,21311,1083,0,0,659,579,80,0,0,10/14/2020 13:28,Agree,Agree
10/14/2020,DE,22465,21380,1085,71,2,660,580,80,1,0,10/15/2020 13:30,Agree,Agree
10/15/2020,DE,22560,21473,1087,95,2,661,580,81,1,1,10/16/2020 13:33,Agree,Agree
10/16/2020,DE,22724,21635,1089,164,2,662,581,81,1,0,10/17/2020 14:09,Agree,Agree
10/17/2020,DE,22942,21849,1093,218,4,664,583,81,2,0,10/18/2020 13:26,Agree,Agree
10/18/2020,DE,23196,22098,1098,254,5,666,585,81,2,0,10/19/2020 14:06,Agree,Agree
10/19/2020,DE,23196,22098,1098,0,0,666,585,81,0,0,10/20/2020 14:59,Agree,Agree
10/20/2020,DE,23325,22220,1105,129,7,668,587,81,2,0,10/21/2020 13:34,Agree,Agree
10/21/2020,DE,23528,22412,1116,203,11,670,589,81,2,0,10/22/2020 13:34,Agree,Agree
10/22/2020,DE,23687,22567,1120,159,4,678,597,81,8,0,10/23/2020 13:44,Agree,Agree
10/23/2020,DE,23687,22567,1120,0,0,678,597,81,0,0,10/24/2020 13:26,Agree,Agree
10/24/2020,DE,23847,22724,1123,160,3,680,599,81,2,0,10/25/2020 13:45,Agree,Agree
10/25/2020,DE,24168,23036,1132,321,9,685,604,81,5,0,10/26/2020 13:41,Agree,Agree
10/26/2020,DE,24168,23036,1132,0,0,685,604,81,0,0,10/27/2020 13:47,Agree,Agree
10/27/2020,DE,24249,23114,1135,81,3,686,605,81,1,0,10/28/2020 13:52,Agree,Agree
10/28/2020,DE,24392,23251,1141,143,6,688,607,81,2,0,10/29/2020 14:11,Agree,Agree
10/29/2020,DE,24553,23405,1148,161,7,689,608,81,1,0,10/30/2020 13:37,Agree,Agree
10/30/2020,DE,24951,23787,1164,398,16,708,621,87,19,6,10/31/2020 13:30,Agree,Agree
10/31/2020,DE,25126,23955,1171,175,7,710,623,87,2,0,11/1/2020 15:03,Agree,Agree
11/1/2020,DE,25311,24134,1177,185,6,710,623,87,0,0,11/2/2020 14:53,Agree,Agree
11/2/2020,DE,25426,24236,1190,115,13,712,625,87,2,0,11/3/2020 14:57,Agree,Agree
11/3/2020,DE,25534,24336,1198,108,8,712,625,87,0,0,11/4/2020 15:03,Agree,Agree
11/4/2020,DE,25753,24554,1199,219,1,716,629,87,4,0,11/5/2020 14:39,Agree,Agree
11/5/2020,DE,25753,24554,1199,0,0,716,629,87,0,0,11/6/2020 15:33,Agree,Agree
11/6/2020,DE,26258,25057,1201,505,2,716,629,87,0,0,11/7/2020 14:45,Agree,Agree
11/7/2020,DE,26258,25057,1201,0,0,716,629,87,0,0,11/8/2020 14:40,Agree,Agree
11/8/2020,DE,26603,25395,1208,345,7,718,631,87,2,0,11/9/2020 14:38,Agree,Agree
11/9/2020,DE,27112,25898,1214,509,6,722,635,87,4,0,11/10/2020 14:45,Agree,Agree
11/10/2020,DE,27342,26121,1221,230,7,724,637,87,2,0,11/11/2020 15:14,Agree,Agree
