1/22/2020,KY,0,,,0,,0,,,0,,3/26/2020 16:22,Agree,Agree
1/23/2020,KY,0,,,0,,0,,,0,,3/26/2020 16:22,Agree,Agree
1/24/2020,KY,0,,,0,,0,,,0,,3/26/2020 16:22,Agree,Agree
1/25/2020,KY,0,,,0,,0,,,0,,3/26/2020 16:22,Agree,Agree
1/26/2020,KY,0,,,0,,0,,,0,,3/26/2020 16:22,Agree,Agree
1/27/2020,KY,0,,,0,,0,,,0,,3/26/2020 16:22,Agree,Agree
1/28/2020,KY,0,,,0,,0,,,0,,3/26/2020 16:22,Agree,Agree
1/29/2020,KY,0,,,0,,0,,,0,,3/26/2020 16:22,Agree,Agree
1/30/2020,KY,0,,,0,,0,,,0,,3/26/2020 16:22,Agree,Agree
1/31/2020,KY,0,,,0,,0,,,0,,3/26/2020 16:22,Agree,Agree
2/1/2020,KY,0,,,0,,0,,,0,,3/26/2020 16:22,Agree,Agree
2/2/2020,KY,0,,,0,,0,,,0,,3/26/2020 16:22,Agree,Agree
2/3/2020,KY,0,,,0,,0,,,0,,3/26/2020 16:22,Agree,Agree
2/4/2020,KY,0,,,0,,0,,,0,,3/26/2020 16:22,Agree,Agree
2/5/2020,KY,0,,,0,,0,,,0,,3/26/2020 16:22,Agree,Agree
2/6/2020,KY,0,,,0,,0,,,0,,3/26/2020 16:22,Agree,Agree
2/7/2020,KY,0,,,0,,0,,,0,,3/26/2020 16:22,Agree,Agree
2/8/2020,KY,0,,,0,,0,,,0,,3/26/2020 16:22,Agree,Agree
2/9/2020,KY,0,,,0,,0,,,0,,3/26/2020 16:22,Agree,Agree
2/10/2020,KY,0,,,0,,0,,,0,,3/26/2020 16:22,Agree,Agree
2/11/2020,KY,0,,,0,,0,,,0,,3/26/2020 16:22,Agree,Agree
2/12/2020,KY,0,,,0,,0,,,0,,3/26/2020 16:22,Agree,Agree
2/13/2020,KY,0,,,0,,0,,,0,,3/26/2020 16:22,Agree,Agree
2/14/2020,KY,0,,,0,,0,,,0,,3/26/2020 16:22,Agree,Agree
2/15/2020,KY,0,,,0,,0,,,0,,3/26/2020 16:22,Agree,Agree
2/16/2020,KY,0,,,0,,0,,,0,,3/26/2020 16:22,Agree,Agree
2/17/2020,KY,0,,,0,,0,,,0,,3/26/2020 16:22,Agree,Agree
2/18/2020,KY,0,,,0,,0,,,0,,3/26/2020 16:22,Agree,Agree
2/19/2020,KY,0,,,0,,0,,,0,,3/26/2020 16:22,Agree,Agree
2/20/2020,KY,0,,,0,,0,,,0,,3/26/2020 16:22,Agree,Agree
2/21/2020,KY,0,,,0,,0,,,0,,3/26/2020 16:22,Agree,Agree
2/22/2020,KY,0,,,0,,0,,,0,,3/26/2020 16:22,Agree,Agree
2/23/2020,KY,0,,,0,,0,,,0,,3/26/2020 16:22,Agree,Agree
2/24/2020,KY,0,,,0,,0,,,0,,3/26/2020 16:22,Agree,Agree
2/25/2020,KY,0,,,0,,0,,,0,,3/26/2020 16:22,Agree,Agree
2/26/2020,KY,0,,,0,,0,,,0,,3/26/2020 16:22,Agree,Agree
2/27/2020,KY,0,,,0,,0,,,0,,3/26/2020 16:22,Agree,Agree
2/28/2020,KY,0,,,0,,0,,,0,,3/26/2020 16:22,Agree,Agree
2/29/2020,KY,0,,,0,,0,,,0,,3/26/2020 16:22,Agree,Agree
3/1/2020,KY,0,,,0,,0,,,0,,3/26/2020 16:22,Agree,Agree
3/2/2020,KY,0,,,0,,0,,,0,,3/26/2020 16:22,Agree,Agree
3/3/2020,KY,0,,,0,,0,,,0,,3/26/2020 16:22,Agree,Agree
3/4/2020,KY,0,,,0,,0,,,0,,3/26/2020 16:22,Agree,Agree
3/5/2020,KY,0,,,0,,0,,,0,,3/26/2020 16:22,Agree,Agree
3/6/2020,KY,0,,,0,,0,,,0,,3/26/2020 16:22,Agree,Agree
3/7/2020,KY,1,,,1,,0,,,0,,3/26/2020 16:22,Agree,Agree
3/8/2020,KY,1,,,0,,0,,,0,,3/26/2020 16:22,Agree,Agree
3/9/2020,KY,1,,,0,,0,,,0,,3/26/2020 16:22,Agree,Agree
3/10/2020,KY,4,,,3,,0,,,0,,3/26/2020 16:22,Agree,Agree
3/11/2020,KY,4,,,0,,0,,,0,,3/26/2020 16:22,Agree,Agree
3/12/2020,KY,11,,,7,,0,,,0,,3/26/2020 16:22,Agree,Agree
3/13/2020,KY,11,,,0,,0,,,0,,3/26/2020 16:22,Agree,Agree
3/14/2020,KY,15,,,4,,0,,,0,,3/26/2020 16:22,Agree,Agree
3/15/2020,KY,20,,,5,,0,,,0,,3/26/2020 16:22,Agree,Agree
3/16/2020,KY,22,,,2,,0,,,0,,3/26/2020 16:22,Agree,Agree
3/17/2020,KY,26,,,4,,0,,,0,,3/26/2020 16:22,Agree,Agree
3/18/2020,KY,35,,,9,,1,,,1,,3/26/2020 16:22,Agree,Agree
3/19/2020,KY,43,,,8,,2,,,1,,3/26/2020 16:22,Agree,Agree
3/20/2020,KY,48,,,5,,2,,,0,,3/26/2020 16:22,Agree,Agree
3/21/2020,KY,87,,,39,,3,,,1,,3/26/2020 16:22,Agree,Agree
3/22/2020,KY,103,,,16,,3,,,0,,3/26/2020 16:22,Agree,Agree
3/23/2020,KY,124,,,21,,4,,,1,,3/26/2020 16:22,Agree,Agree
3/24/2020,KY,163,,,39,,4,,,0,,3/26/2020 16:22,Agree,Agree
3/25/2020,KY,198,,,35,,5,,,1,,3/26/2020 16:22,Agree,Agree
3/26/2020,KY,248,,,50,,5,,,0,,3/26/2020 16:22,Agree,Agree
3/27/2020,KY,302,,,54,,8,,,3,,3/26/2020 16:22,Agree,Agree
3/28/2020,KY,394,,,92,,9,,,1,,3/28/2020 16:22,Agree,Agree
3/29/2020,KY,439,,,45,,9,,,0,,3/28/2020 16:22,Agree,Agree
3/30/2020,KY,480,,,41,,11,,,2,,3/29/2020 16:22,Agree,Agree
3/31/2020,KY,591,,,111,,18,,,7,,3/30/2020 16:22,Agree,Agree
4/1/2020,KY,680,,,89,,20,,,2,,3/31/2020 16:22,Agree,Agree
4/2/2020,KY,770,,,90,,31,,,11,,4/1/2020 16:22,Agree,Agree
4/3/2020,KY,831,,,61,,37,,,6,,4/3/2020 16:22,Agree,Agree
4/4/2020,KY,917,,,86,,40,,,3,,4/3/2020 16:22,Agree,Agree
4/5/2020,KY,955,,,38,,45,,,5,,4/4/2020 16:22,Agree,Agree
4/6/2020,KY,1008,,,53,,59,,,14,,4/5/2020 16:22,Agree,Agree
4/7/2020,KY,1149,,,141,,65,,,6,,4/7/2020 16:22,Agree,Agree
4/8/2020,KY,1346,,,197,,73,,,8,,4/7/2020 16:22,Agree,Agree
4/9/2020,KY,1452,,,106,,79,,,6,,4/8/2020 16:22,Agree,Agree
4/10/2020,KY,1693,,,241,,90,,,11,,4/9/2020 16:22,Agree,Agree
4/11/2020,KY,1840,,,147,,94,,,4,,4/10/2020 16:22,Agree,Agree
4/12/2020,KY,1963,,,123,,97,,,3,,4/11/2020 16:22,Agree,Agree
4/13/2020,KY,2048,,,85,,104,,,7,,4/12/2020 16:22,Agree,Agree
4/14/2020,KY,2210,,,162,,115,,,11,,4/13/2020 16:22,Agree,Agree
4/15/2020,KY,2291,,,81,,122,,,7,,4/15/2020 16:22,Agree,Agree
4/16/2020,KY,2429,,,138,,129,,,7,,4/16/2020 16:22,Agree,Agree
4/17/2020,KY,2522,,,93,,137,,,8,,4/17/2020 16:22,Agree,Agree
4/18/2020,KY,2707,,,185,,144,,,7,,4/18/2020 16:22,Agree,Agree
4/19/2020,KY,2960,2960,0,253,0,148,148,0,4,0,4/19/2020 16:22,Agree,Agree
4/20/2020,KY,3050,,,90,,154,,,6,,4/20/2020 16:22,Agree,Agree
4/21/2020,KY,3192,3192,0,142,0,171,171,0,17,0,4/21/2020 16:22,Agree,Agree
4/22/2020,KY,3373,3373,0,181,0,185,185,0,14,0,4/22/2020 16:22,Agree,Agree
4/23/2020,KY,3481,3481,0,108,0,191,191,0,6,0,5/25/2020 15:38,Agree,Agree
4/24/2020,KY,3779,3779,0,298,0,200,200,0,9,0,5/25/2020 15:38,Agree,Agree
4/25/2020,KY,3905,3905,0,126,0,205,205,0,5,0,5/25/2020 15:38,Agree,Agree
4/26/2020,KY,4074,4074,0,169,0,208,208,0,3,0,5/25/2020 15:38,Agree,Agree
4/27/2020,KY,4146,4146,0,72,0,213,213,0,5,0,5/25/2020 15:38,Agree,Agree
4/28/2020,KY,4375,4375,0,229,0,225,225,0,12,0,4/29/2020 18:12,Agree,Agree
4/29/2020,KY,4539,4539,0,164,0,235,235,0,10,0,4/30/2020 16:07,Agree,Agree
4/30/2020,KY,4708,4708,0,169,0,240,240,0,5,0,5/1/2020 21:00,Agree,Agree
5/1/2020,KY,4879,4879,0,171,0,248,248,0,8,0,5/2/2020 15:47,Agree,Agree
5/2/2020,KY,4879,4879,0,0,0,248,248,0,0,0,5/3/2020 15:36,Agree,Agree
5/3/2020,KY,5130,5130,0,251,0,253,253,0,5,0,5/4/2020 22:49,Agree,Agree
5/4/2020,KY,5245,5245,0,115,0,261,261,0,8,0,5/5/2020 17:25,Agree,Agree
5/5/2020,KY,5822,5822,0,577,0,275,275,0,14,0,5/6/2020 16:23,Agree,Agree
5/6/2020,KY,5934,5934,0,112,0,283,283,0,8,0,5/7/2020 22:59,Agree,Agree
5/7/2020,KY,6129,6129,0,195,0,294,294,0,11,0,5/8/2020 21:26,Agree,Agree
5/8/2020,KY,6288,6288,0,159,0,298,298,0,4,0,5/9/2020 21:26,Agree,Agree
5/9/2020,KY,6440,6440,0,152,0,304,304,0,6,0,5/10/2020 21:26,Agree,Agree
5/10/2020,KY,6440,6440,0,0,0,304,304,0,0,0,5/11/2020 21:26,Agree,Agree
5/11/2020,KY,6677,6677,0,237,0,311,311,0,7,0,5/12/2020 17:26,Agree,Agree
5/12/2020,KY,6853,6853,0,176,0,321,321,0,10,0,5/13/2020 15:26,Agree,Agree
5/13/2020,KY,7080,7080,0,227,0,326,326,0,5,0,5/14/2020 17:25,Agree,Agree
5/14/2020,KY,7225,7225,0,145,0,328,328,0,2,0,5/15/2020 16:11,Agree,Agree
5/15/2020,KY,7444,7444,0,219,0,332,332,0,4,0,5/16/2020 15:46,Agree,Agree
5/16/2020,KY,7688,7688,0,244,0,334,334,0,2,0,5/17/2020 15:27,Agree,Agree
5/17/2020,KY,7688,7688,0,0,0,334,334,0,0,0,5/18/2020 16:01,Agree,Agree
5/18/2020,KY,7935,7935,0,247,0,346,346,0,12,0,5/19/2020 15:45,Agree,Agree
5/19/2020,KY,8069,8069,0,134,0,366,366,0,20,0,5/20/2020 15:28,Agree,Agree
5/20/2020,KY,8167,8167,0,98,0,376,375,1,10,1,5/21/2020 15:41,Agree,Agree
5/21/2020,KY,8286,8175,111,119,111,386,385,1,10,0,5/22/2020 15:31,Agree,Agree
5/22/2020,KY,8426,8305,121,140,10,391,390,1,5,0,5/23/2020 17:58,Agree,Agree
5/23/2020,KY,8571,8451,120,145,-1,391,390,1,0,0,5/24/2020 14:15,Agree,Agree
5/24/2020,KY,8571,8451,120,0,0,391,390,1,0,0,5/25/2020 14:12,Agree,Agree
5/25/2020,KY,8571,8451,120,0,0,391,390,1,0,0,5/26/2020 14:23,Agree,Agree
5/26/2020,KY,8951,8800,151,380,31,394,393,1,3,0,5/27/2020 15:37,Agree,Agree
5/27/2020,KY,9077,8924,153,126,2,400,399,1,6,0,5/28/2020 15:12,Agree,Agree
5/28/2020,KY,9184,9028,156,107,3,409,408,1,9,0,5/29/2020 14:19,Agree,Agree
5/29/2020,KY,9464,9303,161,280,5,418,417,1,9,0,5/30/2020 15:47,Agree,Agree
5/30/2020,KY,9704,9537,167,240,6,431,430,1,13,0,5/31/2020 14:43,Agree,Agree
5/31/2020,KY,9704,9537,167,0,0,431,430,1,0,0,6/1/2020 14:17,Agree,Agree
6/1/2020,KY,10046,9853,193,342,26,439,438,1,8,0,6/2/2020 14:16,Agree,Agree
6/2/2020,KY,10185,9970,215,139,22,442,441,1,3,0,6/3/2020 14:11,Agree,Agree
6/3/2020,KY,10410,10192,218,225,3,450,449,1,8,0,6/4/2020 15:03,Agree,Agree
6/4/2020,KY,10705,10479,226,295,8,458,456,2,8,1,6/5/2020 15:17,Agree,Agree
6/5/2020,KY,10977,10734,243,272,17,466,465,1,8,-1,6/6/2020 14:31,Agree,Agree
6/6/2020,KY,11287,11031,256,310,13,470,468,2,4,1,6/7/2020 14:23,Agree,Agree
6/7/2020,KY,11287,11031,256,0,0,470,468,2,0,0,6/8/2020 14:55,Agree,Agree
6/8/2020,KY,11476,11212,264,189,8,472,470,2,2,0,6/9/2020 16:49,Agree,Agree
6/9/2020,KY,11708,11419,289,232,25,477,475,2,5,0,6/10/2020 20:56,Agree,Agree
6/10/2020,KY,11883,11576,307,175,18,484,482,2,7,0,6/11/2020 14:48,Agree,Agree
6/11/2020,KY,11945,11637,308,62,1,493,491,2,9,0,6/12/2020 14:17,Agree,Agree
6/12/2020,KY,12166,11850,316,221,8,497,495,2,4,0,6/13/2020 17:46,Agree,Agree
6/13/2020,KY,12445,12125,320,279,4,499,497,2,2,0,6/14/2020 14:19,Agree,Agree
6/14/2020,KY,12445,12125,320,0,0,499,497,2,0,0,6/15/2020 14:33,Agree,Agree
6/15/2020,KY,12647,12326,321,202,1,505,503,2,6,0,6/16/2020 14:10,Agree,Agree
6/16/2020,KY,12829,12490,339,182,18,512,510,2,7,0,6/17/2020 15:06,Agree,Agree
6/17/2020,KY,12995,12646,349,166,10,518,516,2,6,0,6/18/2020 17:16,Agree,Agree
6/18/2020,KY,13197,12846,351,202,2,520,518,2,2,0,6/19/2020 15:01,Agree,Agree
6/19/2020,KY,13454,13097,357,257,6,522,519,3,2,1,6/20/2020 14:15,Agree,Agree
6/20/2020,KY,13630,13253,377,176,20,524,521,3,2,0,6/21/2020 14:32,Agree,Agree
6/21/2020,KY,13750,13369,381,120,4,526,523,3,2,0,6/22/2020 15:24,Agree,Agree
6/22/2020,KY,13839,13449,390,89,9,526,522,4,0,1,6/23/2020 14:28,Agree,Agree
6/23/2020,KY,14141,13736,405,302,15,537,533,4,11,0,6/24/2020 15:03,Agree,Agree
6/24/2020,KY,14363,13937,426,222,21,538,534,4,1,0,6/25/2020 14:07,Agree,Agree
6/25/2020,KY,14617,14182,435,254,9,546,542,4,8,0,6/26/2020 19:18,Agree,Agree
6/26/2020,KY,14859,14401,458,242,23,553,550,3,7,-1,6/27/2020 17:51,Agree,Agree
6/27/2020,KY,15167,14669,498,308,40,554,551,3,1,0,6/28/2020 14:59,Agree,Agree
6/28/2020,KY,15232,14732,500,65,2,558,555,3,4,0,6/29/2020 14:37,Agree,Agree
6/29/2020,KY,15347,14835,512,115,12,560,557,3,2,0,6/30/2020 15:27,Agree,Agree
6/30/2020,KY,15624,15090,534,277,22,565,561,4,5,1,7/1/2020 15:45,Agree,Agree
7/1/2020,KY,15842,15286,556,218,22,572,568,4,7,0,7/2/2020 15:10,Agree,Agree
7/2/2020,KY,16079,15508,571,237,15,581,577,4,9,0,7/3/2020 15:01,Agree,Agree
7/3/2020,KY,16376,15781,595,297,24,585,581,4,4,0,7/4/2020 15:30,Agree,Agree
7/4/2020,KY,16376,15781,595,0,0,585,581,4,0,0,7/5/2020 15:00,Agree,Agree
7/5/2020,KY,16376,15781,595,0,0,585,581,4,0,0,7/6/2020 15:16,Agree,Agree
7/6/2020,KY,17152,16525,627,776,32,593,589,4,8,0,7/7/2020 14:58,Agree,Agree
7/7/2020,KY,17519,16864,655,367,28,602,598,4,9,0,7/8/2020 14:12,Agree,Agree
7/8/2020,KY,17919,17202,717,400,62,608,604,4,6,0,7/9/2020 15:14,Agree,Agree
7/9/2020,KY,18245,17491,754,326,37,612,608,4,4,0,7/10/2020 15:35,Agree,Agree
7/10/2020,KY,18670,17890,780,425,26,620,616,4,8,0,7/11/2020 18:25,Agree,Agree
7/11/2020,KY,19121,18307,814,451,34,622,618,4,2,0,7/12/2020 15:13,Agree,Agree
7/12/2020,KY,19389,18562,827,268,13,625,621,4,3,0,7/13/2020 15:19,Agree,Agree
7/13/2020,KY,19653,18824,829,264,2,629,625,4,4,0,7/14/2020 15:13,Agree,Agree
7/14/2020,KY,20223,19349,874,570,45,635,631,4,6,0,7/15/2020 15:05,Agree,Agree
7/15/2020,KY,20677,19737,940,454,66,645,641,4,10,0,7/16/2020 14:22,Agree,Agree
7/16/2020,KY,21083,20118,965,406,25,650,646,4,5,0,7/17/2020 14:31,Agree,Agree
7/17/2020,KY,21605,20607,998,522,33,658,653,5,8,1,7/18/2020 16:14,Agree,Agree
7/18/2020,KY,22184,21128,1056,579,58,667,662,5,9,0,7/19/2020 15:05,Agree,Agree
7/19/2020,KY,23161,22095,1066,977,10,670,666,4,3,-1,7/20/2020 14:35,Agree,Agree
7/20/2020,KY,23414,22328,1086,253,20,671,667,4,1,0,7/21/2020 14:50,Agree,Agree
7/21/2020,KY,24060,22916,1144,646,58,674,670,4,3,0,7/22/2020 14:51,Agree,Agree
7/22/2020,KY,24540,23336,1204,480,60,677,673,4,3,0,7/23/2020 14:48,Agree,Agree
7/23/2020,KY,25147,23882,1265,607,61,684,680,4,7,0,7/24/2020 14:18,Agree,Agree
7/24/2020,KY,25931,24615,1316,784,51,691,687,4,7,0,7/25/2020 17:40,Agree,Agree
7/25/2020,KY,26764,25390,1374,833,58,696,692,4,5,0,7/26/2020 15:17,Agree,Agree
7/26/2020,KY,27079,25699,1380,315,6,700,696,4,4,0,7/27/2020 14:16,Agree,Agree
7/27/2020,KY,27601,26209,1392,522,12,709,705,4,9,0,7/28/2020 14:21,Agree,Agree
7/28/2020,KY,28126,26656,1470,525,78,719,715,4,10,0,7/29/2020 14:34,Agree,Agree
7/29/2020,KY,28727,27173,1554,601,84,724,720,4,5,0,7/30/2020 14:42,Agree,Agree
7/30/2020,KY,29386,27716,1670,659,116,731,727,4,7,0,7/31/2020 14:35,Agree,Agree
7/31/2020,KY,30151,28404,1747,765,77,735,731,4,4,0,8/1/2020 14:38,Agree,Agree
8/1/2020,KY,30723,28922,1801,572,54,740,736,4,5,0,8/2/2020 14:54,Agree,Agree
8/2/2020,KY,31185,29346,1839,462,38,742,738,4,2,0,8/3/2020 14:31,Agree,Agree
8/3/2020,KY,31508,29623,1885,323,46,744,740,4,2,0,8/4/2020 14:09,Agree,Agree
8/4/2020,KY,32197,30238,1959,689,74,751,747,4,7,0,8/5/2020 14:13,Agree,Agree
8/5/2020,KY,32741,30712,2029,544,70,752,748,4,1,0,8/6/2020 14:12,Agree,Agree
8/6/2020,KY,33254,31146,2108,513,79,760,756,4,8,0,8/7/2020 23:57,Agree,Agree
8/7/2020,KY,33796,31635,2161,542,53,764,760,4,4,0,8/8/2020 14:58,Agree,Agree
8/8/2020,KY,34758,32330,2428,962,267,772,767,5,8,1,8/9/2020 14:03,Agree,Agree
8/9/2020,KY,34982,32713,2269,224,-159,773,768,5,1,0,8/10/2020 14:23,Agree,Agree
8/10/2020,KY,35254,32941,2313,272,44,775,770,5,2,0,8/11/2020 14:16,Agree,Agree
8/11/2020,KY,35793,33379,2414,539,101,783,778,5,8,0,8/12/2020 13:50,Agree,Agree
8/12/2020,KY,36945,34415,2530,1152,116,790,785,5,7,0,8/13/2020 14:12,Agree,Agree
8/13/2020,KY,37686,35036,2650,741,120,796,791,5,6,0,8/14/2020 14:30,Agree,Agree
8/14/2020,KY,38298,35565,2733,612,83,804,799,5,8,0,8/15/2020 14:02,Agree,Agree
8/15/2020,KY,38930,36117,2813,632,80,810,805,5,6,0,8/16/2020 14:57,Agree,Agree
8/16/2020,KY,39315,36475,2840,385,27,813,808,5,3,0,8/17/2020 14:26,Agree,Agree
8/17/2020,KY,39691,36824,2867,376,27,818,813,5,5,0,8/18/2020 14:26,Agree,Agree
8/18/2020,KY,40299,37304,2995,608,128,830,825,5,12,0,8/19/2020 14:23,Agree,Agree
8/19/2020,KY,40926,37848,3078,627,83,842,836,6,12,1,8/20/2020 15:11,Agree,Agree
8/20/2020,KY,41626,38475,3151,700,73,856,850,6,14,0,8/21/2020 14:27,Agree,Agree
8/21/2020,KY,42265,39068,3197,639,46,864,858,6,8,0,8/22/2020 14:21,Agree,Agree
8/22/2020,KY,43066,39755,3311,801,114,872,866,6,8,0,8/23/2020 14:15,Agree,Agree
8/23/2020,KY,43529,40181,3348,463,37,881,875,6,9,0,8/24/2020 13:54,Agree,Agree
8/24/2020,KY,43899,40493,3406,370,58,885,879,6,4,0,8/25/2020 14:02,Agree,Agree
8/25/2020,KY,44568,41054,3514,669,108,895,889,6,10,0,8/26/2020 13:51,Agree,Agree
8/26/2020,KY,45230,41567,3663,662,149,902,896,6,7,0,8/27/2020 13:42,Agree,Agree
8/27/2020,KY,45978,42169,3809,748,146,910,904,6,8,0,8/28/2020 13:43,Agree,Agree
8/28/2020,KY,46757,42811,3946,779,137,918,910,8,8,2,8/29/2020 13:42,Agree,Agree
8/29/2020,KY,47577,43507,4070,820,124,921,913,8,3,0,8/30/2020 14:49,Agree,Agree
8/30/2020,KY,48032,43901,4131,455,61,930,921,9,9,1,8/31/2020 14:05,Agree,Agree
8/31/2020,KY,48396,44212,4184,364,53,933,924,9,3,0,9/1/2020 14:09,Agree,Agree
9/1/2020,KY,49185,44824,4361,789,177,948,939,9,15,0,9/2/2020 13:49,Agree,Agree
9/2/2020,KY,49991,45497,4494,806,133,966,957,9,18,0,9/3/2020 14:18,Agree,Agree
9/3/2020,KY,50885,46166,4719,894,225,976,967,9,10,0,9/4/2020 13:36,Agree,Agree
9/4/2020,KY,51677,46846,4831,792,112,987,978,9,11,0,9/5/2020 14:09,Agree,Agree
9/5/2020,KY,51677,46846,4831,0,0,987,978,9,0,0,9/6/2020 14:09,Agree,Agree
9/6/2020,KY,52774,47741,5033,1097,202,996,987,9,9,0,9/7/2020 13:37,Agree,Agree
9/7/2020,KY,53064,47956,5108,290,75,996,987,9,0,0,9/8/2020 14:47,Agree,Agree
9/8/2020,KY,53319,48141,5178,255,70,997,988,9,1,0,9/9/2020 13:47,Agree,Agree
9/9/2020,KY,53977,48599,5378,658,200,1013,1004,9,16,0,9/10/2020 14:02,Agree,Agree
9/10/2020,KY,54772,49198,5574,795,196,1035,1026,9,22,0,9/11/2020 13:51,Agree,Agree
9/11/2020,KY,55704,49979,5725,932,151,1044,1035,9,9,0,9/12/2020 14:12,Agree,Agree
9/12/2020,KY,56415,50535,5880,711,155,1057,1048,9,13,0,9/13/2020 16:17,Agree,Agree
9/13/2020,KY,56945,51018,5927,530,47,1060,1051,9,3,0,9/14/2020 14:01,Agree,Agree
9/14/2020,KY,57282,51317,5965,337,38,1065,1056,9,5,0,9/15/2020 14:03,Agree,Agree
9/15/2020,KY,58000,51862,6138,718,173,1074,1065,9,9,0,9/16/2020 13:53,Agree,Agree
9/16/2020,KY,58764,52437,6327,764,189,1082,1073,9,8,0,9/17/2020 13:45,Agree,Agree
9/17/2020,KY,59370,52887,6483,606,156,1093,1084,9,11,0,9/18/2020 13:48,Agree,Agree
9/18/2020,KY,60128,53509,6619,758,136,1101,1092,9,8,0,9/19/2020 14:00,Agree,Agree
9/19/2020,KY,61106,54325,6781,978,162,1108,1099,9,7,0,9/20/2020 13:53,Agree,Agree
9/20/2020,KY,61542,54695,6847,436,66,1111,1102,9,3,0,9/21/2020 13:47,Agree,Agree
9/21/2020,KY,61917,54996,6921,375,74,1112,1103,9,1,0,9/22/2020 13:51,Agree,Agree
9/22/2020,KY,62731,55577,7154,814,233,1119,1110,9,7,0,9/23/2020 13:51,Agree,Agree
9/23/2020,KY,63517,56154,7363,786,209,1124,1115,9,5,0,9/24/2020 13:54,Agree,Agree
9/24/2020,KY,64158,56608,7550,641,187,1137,1128,9,13,0,9/25/2020 13:54,Agree,Agree
9/25/2020,KY,65066,57366,7700,908,150,1149,1140,9,12,0,9/26/2020 13:46,Agree,Agree
9/26/2020,KY,66036,58128,7908,970,208,1154,1144,10,5,1,9/27/2020 13:39,Agree,Agree
9/27/2020,KY,66491,58501,7990,455,82,1157,1147,10,3,0,9/28/2020 13:50,Agree,Agree
9/28/2020,KY,66939,58888,8051,448,61,1162,1151,11,5,1,9/29/2020 13:50,Agree,Agree
9/29/2020,KY,67856,59544,8312,917,261,1170,1159,11,8,0,9/30/2020 14:17,Agree,Agree
9/30/2020,KY,68840,60218,8622,984,310,1174,1163,11,4,0,10/1/2020 13:42,Agree,Agree
10/1/2020,KY,69728,60875,8853,888,231,1191,1180,11,17,0,10/2/2020 13:40,Agree,Agree
10/2/2020,KY,70727,61647,9080,999,227,1197,1185,12,6,1,10/3/2020 13:39,Agree,Agree
10/3/2020,KY,72001,62669,9332,1274,252,1205,1193,12,8,0,10/4/2020 13:35,Agree,Agree
10/4/2020,KY,72617,63189,9428,616,96,1209,1197,12,4,0,10/5/2020 13:49,Agree,Agree
10/5/2020,KY,73158,63658,9500,541,72,1214,1202,12,5,0,10/6/2020 13:33,Agree,Agree
10/6/2020,KY,74194,64350,9844,1036,344,1218,1206,12,4,0,10/7/2020 13:45,Agree,Agree
10/7/2020,KY,76587,66148,10439,2393,595,1223,1211,12,5,0,10/8/2020 13:56,Agree,Agree
10/8/2020,KY,77455,66830,10625,868,186,1234,1222,12,11,0,10/9/2020 13:43,Agree,Agree
10/9/2020,KY,78456,67635,10821,1001,196,1242,1229,13,8,1,10/10/2020 13:30,Agree,Agree
10/10/2020,KY,79445,68442,11003,989,182,1249,1236,13,7,0,10/11/2020 13:47,Agree,Agree
10/11/2020,KY,80292,69138,11154,847,151,1252,1239,13,3,0,10/12/2020 14:07,Agree,Agree
10/12/2020,KY,80930,69611,11319,638,165,1255,1242,13,3,0,10/13/2020 13:29,Agree,Agree
10/13/2020,KY,81691,70080,11611,761,292,1269,1256,13,14,0,10/14/2020 13:28,Agree,Agree
10/14/2020,KY,83013,71059,11954,1322,343,1276,1262,14,7,1,10/15/2020 13:30,Agree,Agree
10/15/2020,KY,84195,71896,12299,1182,345,1296,1282,14,20,0,10/16/2020 13:33,Agree,Agree
10/16/2020,KY,85506,72924,12582,1311,283,1300,1286,14,4,0,10/17/2020 14:09,Agree,Agree
10/17/2020,KY,86797,73915,12882,1291,300,1312,1298,14,12,0,10/18/2020 13:26,Agree,Agree
10/18/2020,KY,87607,74600,13007,810,125,1317,1303,14,5,0,10/19/2020 14:06,Agree,Agree
10/19/2020,KY,88247,75143,13104,640,97,1326,1310,16,9,2,10/20/2020 14:59,Agree,Agree
10/20/2020,KY,89544,76113,13431,1297,327,1342,1326,16,16,0,10/21/2020 13:34,Agree,Agree
10/21/2020,KY,90996,77233,13763,1452,332,1363,1346,17,21,1,10/22/2020 13:34,Agree,Agree
10/22/2020,KY,92299,78250,14049,1303,286,1380,1363,17,17,0,10/23/2020 13:44,Agree,Agree
10/23/2020,KY,93748,79275,14473,1449,424,1396,1378,18,16,1,10/24/2020 13:26,Agree,Agree
10/24/2020,KY,95480,80735,14745,1732,272,1404,1385,19,8,1,10/25/2020 13:45,Agree,Agree
10/25/2020,KY,96942,82087,14855,1462,110,1407,1388,19,3,0,10/26/2020 13:41,Agree,Agree
10/26/2020,KY,97866,82892,14974,924,119,1410,1391,19,3,0,10/27/2020 13:47,Agree,Agree
10/27/2020,KY,99637,84177,15460,1771,486,1428,1408,20,18,1,10/28/2020 13:52,Agree,Agree
10/28/2020,KY,101494,85577,15917,1857,457,1442,1421,21,14,1,10/29/2020 14:11,Agree,Agree
10/29/2020,KY,103305,86953,16352,1811,435,1461,1440,21,19,0,10/30/2020 13:37,Agree,Agree
10/30/2020,KY,105242,88512,16730,1937,378,1476,1455,21,15,0,10/31/2020 13:30,Agree,Agree
10/31/2020,KY,107219,90062,17157,1977,427,1485,1463,22,9,1,11/1/2020 15:03,Agree,Agree
11/1/2020,KY,108642,91343,17299,1423,142,1489,1467,22,4,0,11/2/2020 14:53,Agree,Agree
11/2/2020,KY,109670,92228,17442,1028,143,1492,1470,22,3,0,11/3/2020 14:57,Agree,Agree
11/3/2020,KY,111379,93407,17972,1709,530,1503,1480,23,11,1,11/4/2020 15:03,Agree,Agree
11/4/2020,KY,113009,94691,18318,1630,346,1514,1491,23,11,0,11/5/2020 14:39,Agree,Agree
11/5/2020,KY,115277,96424,18853,2268,535,1534,1511,23,20,0,11/6/2020 15:33,Agree,Agree
11/6/2020,KY,117505,98138,19367,2228,514,1544,1520,24,10,1,11/7/2020 14:45,Agree,Agree
11/7/2020,KY,119661,99815,19846,2156,479,1561,1534,27,17,3,11/8/2020 14:40,Agree,Agree
11/8/2020,KY,120838,100791,20047,1177,201,1565,1538,27,4,0,11/9/2020 14:38,Agree,Agree
11/9/2020,KY,122567,102373,20194,1729,147,1576,1549,27,11,0,11/10/2020 14:45,Agree,Agree
11/10/2020,KY,124646,103849,20797,2079,603,1590,1562,28,14,1,11/11/2020 15:14,Agree,Agree
