1/22/2020,MI,0,,,0,,0,,,0,,3/26/2020 16:22,Agree,Agree
1/23/2020,MI,0,,,0,,0,,,0,,3/26/2020 16:22,Agree,Agree
1/24/2020,MI,0,,,0,,0,,,0,,3/26/2020 16:22,Agree,Agree
1/25/2020,MI,0,,,0,,0,,,0,,3/26/2020 16:22,Agree,Agree
1/26/2020,MI,0,,,0,,0,,,0,,3/26/2020 16:22,Agree,Agree
1/27/2020,MI,0,,,0,,0,,,0,,3/26/2020 16:22,Agree,Agree
1/28/2020,MI,0,,,0,,0,,,0,,3/26/2020 16:22,Agree,Agree
1/29/2020,MI,0,,,0,,0,,,0,,3/26/2020 16:22,Agree,Agree
1/30/2020,MI,0,,,0,,0,,,0,,3/26/2020 16:22,Agree,Agree
1/31/2020,MI,0,,,0,,0,,,0,,3/26/2020 16:22,Agree,Agree
2/1/2020,MI,0,,,0,,0,,,0,,3/26/2020 16:22,Agree,Agree
2/2/2020,MI,0,,,0,,0,,,0,,3/26/2020 16:22,Agree,Agree
2/3/2020,MI,0,,,0,,0,,,0,,3/26/2020 16:22,Agree,Agree
2/4/2020,MI,0,,,0,,0,,,0,,3/26/2020 16:22,Agree,Agree
2/5/2020,MI,0,,,0,,0,,,0,,3/26/2020 16:22,Agree,Agree
2/6/2020,MI,0,,,0,,0,,,0,,3/26/2020 16:22,Agree,Agree
2/7/2020,MI,0,,,0,,0,,,0,,3/26/2020 16:22,Agree,Agree
2/8/2020,MI,0,,,0,,0,,,0,,3/26/2020 16:22,Agree,Agree
2/9/2020,MI,0,,,0,,0,,,0,,3/26/2020 16:22,Agree,Agree
2/10/2020,MI,0,,,0,,0,,,0,,3/26/2020 16:22,Agree,Agree
2/11/2020,MI,0,,,0,,0,,,0,,3/26/2020 16:22,Agree,Agree
2/12/2020,MI,0,,,0,,0,,,0,,3/26/2020 16:22,Agree,Agree
2/13/2020,MI,0,,,0,,0,,,0,,3/26/2020 16:22,Agree,Agree
2/14/2020,MI,0,,,0,,0,,,0,,3/26/2020 16:22,Agree,Agree
2/15/2020,MI,0,,,0,,0,,,0,,3/26/2020 16:22,Agree,Agree
2/16/2020,MI,0,,,0,,0,,,0,,3/26/2020 16:22,Agree,Agree
2/17/2020,MI,0,,,0,,0,,,0,,3/26/2020 16:22,Agree,Agree
2/18/2020,MI,0,,,0,,0,,,0,,3/26/2020 16:22,Agree,Agree
2/19/2020,MI,0,,,0,,0,,,0,,3/26/2020 16:22,Agree,Agree
2/20/2020,MI,0,,,0,,0,,,0,,3/26/2020 16:22,Agree,Agree
2/21/2020,MI,0,,,0,,0,,,0,,3/26/2020 16:22,Agree,Agree
2/22/2020,MI,0,,,0,,0,,,0,,3/26/2020 16:22,Agree,Agree
2/23/2020,MI,0,,,0,,0,,,0,,3/26/2020 16:22,Agree,Agree
2/24/2020,MI,0,,,0,,0,,,0,,3/26/2020 16:22,Agree,Agree
2/25/2020,MI,0,,,0,,0,,,0,,3/26/2020 16:22,Agree,Agree
2/26/2020,MI,0,,,0,,0,,,0,,3/26/2020 16:22,Agree,Agree
2/27/2020,MI,0,,,0,,0,,,0,,3/26/2020 16:22,Agree,Agree
2/28/2020,MI,0,,,0,,0,,,0,,3/26/2020 16:22,Agree,Agree
2/29/2020,MI,0,,,0,,0,,,0,,3/26/2020 16:22,Agree,Agree
3/1/2020,MI,0,,,0,,0,,,0,,3/26/2020 16:22,Agree,Agree
3/2/2020,MI,0,,,0,,0,,,0,,3/26/2020 16:22,Agree,Agree
3/3/2020,MI,0,,,0,,0,,,0,,3/26/2020 16:22,Agree,Agree
3/4/2020,MI,0,,,0,,0,,,0,,3/26/2020 16:22,Agree,Agree
3/5/2020,MI,0,,,0,,0,,,0,,3/26/2020 16:22,Agree,Agree
3/6/2020,MI,0,,,0,,0,,,0,,3/26/2020 16:22,Agree,Agree
3/7/2020,MI,0,,,0,,0,,,0,,3/26/2020 16:22,Agree,Agree
3/8/2020,MI,0,,,0,,0,,,0,,3/26/2020 16:22,Agree,Agree
3/9/2020,MI,0,,,0,,0,,,0,,3/26/2020 16:22,Agree,Agree
3/10/2020,MI,2,,,2,,0,,,0,,3/26/2020 16:22,Agree,Agree
3/11/2020,MI,2,,,0,,0,,,0,,3/26/2020 16:22,Agree,Agree
3/12/2020,MI,3,,,1,,0,,,0,,3/26/2020 16:22,Agree,Agree
3/13/2020,MI,13,,,10,,0,,,0,,3/26/2020 16:22,Agree,Agree
3/14/2020,MI,25,,,12,,0,,,0,,3/26/2020 16:22,Agree,Agree
3/15/2020,MI,53,,,28,,0,,,0,,3/26/2020 16:22,Agree,Agree
3/16/2020,MI,54,,,1,,0,,,0,,3/26/2020 16:22,Agree,Agree
3/17/2020,MI,65,,,11,,0,,,0,,3/26/2020 16:22,Agree,Agree
3/18/2020,MI,80,,,15,,1,,,1,,3/26/2020 16:22,Agree,Agree
3/19/2020,MI,334,,,254,,1,,,0,,3/26/2020 16:22,Agree,Agree
3/20/2020,MI,549,,,215,,3,,,2,,3/26/2020 16:22,Agree,Agree
3/21/2020,MI,787,,,238,,5,,,2,,3/26/2020 16:22,Agree,Agree
3/22/2020,MI,1035,,,248,,8,,,3,,3/26/2020 16:22,Agree,Agree
3/23/2020,MI,1328,,,293,,15,,,7,,3/26/2020 16:22,Agree,Agree
3/24/2020,MI,1791,,,463,,24,,,9,,3/26/2020 16:22,Agree,Agree
3/25/2020,MI,2294,,,503,,43,,,19,,3/26/2020 16:22,Agree,Agree
3/26/2020,MI,2856,,,562,,60,,,17,,3/26/2020 16:22,Agree,Agree
3/27/2020,MI,3657,,,801,,92,,,32,,3/26/2020 16:22,Agree,Agree
3/28/2020,MI,4650,,,993,,111,,,19,,3/28/2020 16:22,Agree,Agree
3/29/2020,MI,5486,,,836,,132,,,21,,3/28/2020 16:22,Agree,Agree
3/30/2020,MI,6498,,,1012,,184,,,52,,3/29/2020 16:22,Agree,Agree
3/31/2020,MI,7615,,,1117,,259,,,75,,3/30/2020 16:22,Agree,Agree
4/1/2020,MI,9334,,,1719,,337,,,78,,3/31/2020 16:22,Agree,Agree
4/2/2020,MI,10791,,,1457,,417,,,80,,4/1/2020 16:22,Agree,Agree
4/3/2020,MI,12670,,,1879,,478,,,61,,4/3/2020 16:22,Agree,Agree
4/4/2020,MI,14225,,,1555,,540,,,62,,4/3/2020 16:22,Agree,Agree
4/5/2020,MI,15718,,,1493,,617,,,77,,4/4/2020 16:22,Agree,Agree
4/6/2020,MI,17221,,,1503,,727,,,110,,4/5/2020 16:22,Agree,Agree
4/7/2020,MI,18970,,,1749,,845,,,118,,4/7/2020 16:22,Agree,Agree
4/8/2020,MI,20346,,,1376,,959,,,114,,4/7/2020 16:22,Agree,Agree
4/9/2020,MI,21504,,,1158,,1076,,,117,,4/8/2020 16:22,Agree,Agree
4/10/2020,MI,22562,,,1058,,1278,,,202,,4/9/2020 16:22,Agree,Agree
4/11/2020,MI,23853,,,1291,,1391,,,113,,4/10/2020 16:22,Agree,Agree
4/12/2020,MI,24638,,,785,,1487,,,96,,4/11/2020 16:22,Agree,Agree
4/13/2020,MI,25635,,,997,,1602,,,115,,4/12/2020 16:22,Agree,Agree
4/14/2020,MI,27001,,,1366,,1768,,,166,,4/13/2020 16:22,Agree,Agree
4/15/2020,MI,28059,,,1058,,1921,,,153,,4/15/2020 16:22,Agree,Agree
4/16/2020,MI,29263,,,1204,,2093,,,172,,4/16/2020 16:22,Agree,Agree
4/17/2020,MI,29952,,,689,,2226,,,133,,4/17/2020 16:22,Agree,Agree
4/18/2020,MI,30717,,,765,,2307,,,81,,4/18/2020 16:22,Agree,Agree
4/19/2020,MI,31424,31424,0,707,0,2391,2391,0,84,0,4/19/2020 16:22,Agree,Agree
4/20/2020,MI,32000,32000,0,576,0,2468,2468,0,77,0,4/20/2020 16:22,Agree,Agree
4/21/2020,MI,32967,32967,0,967,0,2700,2700,0,232,0,4/21/2020 16:22,Agree,Agree
4/22/2020,MI,33966,33966,0,999,0,2813,2813,0,113,0,4/22/2020 16:22,Agree,Agree
4/23/2020,MI,35291,35291,0,1325,0,2977,2977,0,164,0,5/25/2020 15:38,Agree,Agree
4/24/2020,MI,36627,36627,0,1336,0,3084,3084,0,107,0,5/25/2020 15:38,Agree,Agree
4/25/2020,MI,37184,37184,0,557,0,3273,3273,0,189,0,5/25/2020 15:38,Agree,Agree
4/26/2020,MI,37778,37778,0,594,0,3315,3315,0,42,0,5/25/2020 15:38,Agree,Agree
4/27/2020,MI,38210,38210,0,432,0,3407,3407,0,92,0,5/25/2020 15:38,Agree,Agree
4/28/2020,MI,39262,39262,0,1052,0,3567,3567,0,160,0,4/29/2020 18:12,Agree,Agree
4/29/2020,MI,40399,40399,0,1137,0,3670,3670,0,103,0,4/30/2020 16:07,Agree,Agree
4/30/2020,MI,41379,41379,0,980,0,3789,3789,0,119,0,5/1/2020 21:00,Agree,Agree
5/1/2020,MI,42356,42356,0,977,0,3866,3866,0,77,0,5/2/2020 15:47,Agree,Agree
5/2/2020,MI,43207,43207,0,851,0,4020,4020,0,154,0,5/3/2020 15:36,Agree,Agree
5/3/2020,MI,43754,43754,0,547,0,4049,4049,0,29,0,5/4/2020 22:49,Agree,Agree
5/4/2020,MI,43950,43950,0,196,0,4135,4135,0,86,0,5/5/2020 17:25,Agree,Agree
5/5/2020,MI,44397,44397,0,447,0,4179,4179,0,44,0,5/6/2020 16:23,Agree,Agree
5/6/2020,MI,45054,45054,0,657,0,4250,4250,0,71,0,5/7/2020 22:59,Agree,Agree
5/7/2020,MI,45646,45646,0,592,0,4343,4343,0,93,0,5/8/2020 21:26,Agree,Agree
5/8/2020,MI,46326,46326,0,680,0,4393,4393,0,50,0,5/9/2020 21:26,Agree,Agree
5/9/2020,MI,46756,46756,0,430,0,4526,4526,0,133,0,5/10/2020 21:26,Agree,Agree
5/10/2020,MI,47138,47138,0,382,0,4551,4551,0,25,0,5/11/2020 21:26,Agree,Agree
5/11/2020,MI,47552,47552,0,414,0,4584,4584,0,33,0,5/12/2020 17:26,Agree,Agree
5/12/2020,MI,48021,48021,0,469,0,4674,4674,0,90,0,5/13/2020 15:26,Agree,Agree
5/13/2020,MI,48391,48391,0,370,0,4714,4714,0,40,0,5/14/2020 17:25,Agree,Agree
5/14/2020,MI,49582,49582,0,1191,0,4787,4787,0,73,0,5/15/2020 16:11,Agree,Agree
5/15/2020,MI,50079,50079,0,497,0,4825,4825,0,38,0,5/16/2020 15:46,Agree,Agree
5/16/2020,MI,50504,50504,0,425,0,4880,4880,0,55,0,5/17/2020 15:27,Agree,Agree
5/17/2020,MI,51142,51142,0,638,0,4891,4891,0,11,0,5/18/2020 16:01,Agree,Agree
5/18/2020,MI,51915,51915,0,773,0,4915,4915,0,24,0,5/19/2020 15:45,Agree,Agree
5/19/2020,MI,52350,52350,0,435,0,5017,5017,0,102,0,5/20/2020 15:28,Agree,Agree
5/20/2020,MI,53009,53009,0,659,0,5060,5060,0,43,0,5/21/2020 15:41,Agree,Agree
5/21/2020,MI,53510,53510,0,501,0,5129,5129,0,69,0,5/22/2020 15:31,Agree,Agree
5/22/2020,MI,53913,53913,0,403,0,5158,5158,0,29,0,5/23/2020 17:58,Agree,Agree
5/23/2020,MI,54365,54365,0,452,0,5223,5223,0,65,0,5/24/2020 14:15,Agree,Agree
5/24/2020,MI,54679,54679,0,314,0,5228,5228,0,5,0,5/25/2020 14:12,Agree,Agree
5/25/2020,MI,54881,54881,0,202,0,5240,5240,0,12,0,5/26/2020 14:23,Agree,Agree
5/26/2020,MI,55104,55104,0,223,0,5266,5266,0,26,0,5/27/2020 15:37,Agree,Agree
5/27/2020,MI,55608,55608,0,504,0,5334,5334,0,68,0,5/28/2020 15:12,Agree,Agree
5/28/2020,MI,56014,56014,0,406,0,5372,5372,0,38,0,5/29/2020 14:19,Agree,Agree
5/29/2020,MI,56621,56621,0,607,0,5406,5406,0,34,0,5/30/2020 15:47,Agree,Agree
5/30/2020,MI,56884,56884,0,263,0,5463,5463,0,57,0,5/31/2020 14:43,Agree,Agree
5/31/2020,MI,57397,57397,0,513,0,5491,5491,0,28,0,6/1/2020 14:17,Agree,Agree
6/1/2020,MI,57532,57532,0,135,0,5516,5516,0,25,0,6/2/2020 14:16,Agree,Agree
6/2/2020,MI,57731,57731,0,199,0,5553,5553,0,37,0,6/3/2020 14:11,Agree,Agree
6/3/2020,MI,58035,58035,0,304,0,5570,5570,0,17,0,6/4/2020 15:03,Agree,Agree
6/4/2020,MI,58241,58241,0,206,0,5585,5585,0,15,0,6/5/2020 15:17,Agree,Agree
6/5/2020,MI,63539,58525,5014,5298,5014,5855,5616,239,270,239,6/6/2020 14:31,Agree,Agree
6/6/2020,MI,63983,58749,5234,444,220,5891,5652,239,36,0,6/7/2020 14:23,Agree,Agree
6/7/2020,MI,64413,58870,5543,430,309,5895,5656,239,4,0,6/8/2020 14:55,Agree,Agree
6/8/2020,MI,64701,58999,5702,288,159,5912,5673,239,17,0,6/9/2020 16:49,Agree,Agree
6/9/2020,MI,64998,59107,5891,297,189,5943,5698,245,31,6,6/10/2020 20:56,Agree,Agree
6/10/2020,MI,65182,59278,5904,184,13,5955,5711,244,12,-1,6/11/2020 14:48,Agree,Agree
6/11/2020,MI,65449,59496,5953,267,49,5985,5738,247,30,3,6/12/2020 14:17,Agree,Agree
6/12/2020,MI,65672,59621,6051,223,98,5990,5745,245,5,-2,6/13/2020 17:46,Agree,Agree
6/13/2020,MI,65836,59801,6035,164,-16,6013,5768,245,23,0,6/14/2020 14:19,Agree,Agree
6/14/2020,MI,66054,59990,6064,218,29,6016,5771,245,3,0,6/15/2020 14:33,Agree,Agree
6/15/2020,MI,66085,60064,6021,31,-43,6017,5772,245,1,0,6/16/2020 14:10,Agree,Agree
6/16/2020,MI,66269,60189,6080,184,59,6034,5790,244,17,-1,6/17/2020 15:06,Agree,Agree
6/17/2020,MI,66497,60393,6104,228,24,6036,5792,244,2,0,6/18/2020 17:16,Agree,Agree
6/18/2020,MI,66798,60618,6180,301,76,6061,5818,243,25,-1,6/19/2020 15:01,Agree,Agree
6/19/2020,MI,67097,60829,6268,299,88,6067,5823,244,6,1,6/20/2020 14:15,Agree,Agree
6/20/2020,MI,67545,61084,6461,448,193,6087,5843,244,20,0,6/21/2020 14:32,Agree,Agree
6/21/2020,MI,67711,61230,6481,166,20,6090,5846,244,3,0,6/22/2020 15:24,Agree,Agree
6/22/2020,MI,67957,61409,6548,246,67,6097,5853,244,7,0,6/23/2020 14:28,Agree,Agree
6/23/2020,MI,68197,61630,6567,240,19,6109,5864,245,12,1,6/24/2020 15:03,Agree,Agree
6/24/2020,MI,68555,61953,6602,358,35,6114,5868,246,5,1,6/25/2020 14:07,Agree,Agree
6/25/2020,MI,68989,62306,6683,434,81,6133,5886,247,19,1,6/26/2020 19:18,Agree,Agree
6/26/2020,MI,69329,62695,6634,340,-49,6134,5888,246,1,-1,6/27/2020 17:51,Agree,Agree
6/27/2020,MI,69679,63009,6670,350,36,6153,5907,246,19,0,6/28/2020 14:59,Agree,Agree
6/28/2020,MI,69946,63261,6685,267,15,6157,5911,246,4,0,6/29/2020 14:37,Agree,Agree
6/29/2020,MI,70223,63497,6726,277,41,6161,5915,246,4,0,6/30/2020 15:27,Agree,Agree
6/30/2020,MI,70728,63870,6858,505,132,6193,5947,246,32,0,7/1/2020 15:45,Agree,Agree
7/1/2020,MI,71089,64132,6957,361,99,6198,5951,247,5,1,7/2/2020 15:10,Agree,Agree
7/2/2020,MI,71678,64675,7003,589,46,6212,5966,246,14,-1,7/3/2020 15:01,Agree,Agree
7/3/2020,MI,71678,64675,7003,0,0,6212,5966,246,0,0,7/4/2020 15:30,Agree,Agree
7/4/2020,MI,72581,65533,7048,903,45,6218,5972,246,6,0,7/5/2020 15:00,Agree,Agree
7/5/2020,MI,72941,65876,7065,360,17,6218,5972,246,0,0,7/6/2020 15:16,Agree,Agree
7/6/2020,MI,73269,66173,7096,328,31,6221,5975,246,3,0,7/7/2020 14:58,Agree,Agree
7/7/2020,MI,73900,66627,7273,631,177,6251,6005,246,30,0,7/8/2020 14:12,Agree,Agree
7/8/2020,MI,74551,67237,7314,651,41,6262,6015,247,11,1,7/9/2020 15:14,Agree,Agree
7/9/2020,MI,75063,67683,7380,512,66,6271,6024,247,9,0,7/10/2020 15:35,Agree,Agree
7/10/2020,MI,75685,68295,7390,622,10,6285,6039,246,14,-1,7/11/2020 18:25,Agree,Agree
7/11/2020,MI,76370,68948,7422,685,32,6313,6067,246,28,0,7/12/2020 15:13,Agree,Agree
7/12/2020,MI,76776,69338,7438,406,16,6314,6068,246,1,0,7/13/2020 15:19,Agree,Agree
7/13/2020,MI,77198,69722,7476,422,38,6321,6075,246,7,0,7/14/2020 15:13,Agree,Agree
7/14/2020,MI,77864,70306,7558,666,82,6326,6081,245,5,-1,7/15/2020 15:05,Agree,Agree
7/15/2020,MI,78913,71197,7716,1049,158,6330,6085,245,4,0,7/16/2020 14:22,Agree,Agree
7/16/2020,MI,79839,71842,7997,926,281,6348,6101,247,18,2,7/17/2020 14:31,Agree,Agree
7/17/2020,MI,80593,72502,8091,754,94,6355,6108,247,7,0,7/18/2020 16:14,Agree,Agree
7/18/2020,MI,81338,73180,8158,745,67,6364,6117,247,9,0,7/19/2020 15:05,Agree,Agree
7/19/2020,MI,81868,73663,8205,530,47,6366,6119,247,2,0,7/20/2020 14:35,Agree,Agree
7/20/2020,MI,82395,74152,8243,527,38,6373,6126,247,7,0,7/21/2020 14:50,Agree,Agree
7/21/2020,MI,83059,74725,8334,664,91,6382,6135,247,9,0,7/22/2020 14:51,Agree,Agree
7/22/2020,MI,83730,75248,8482,671,148,6388,6141,247,6,0,7/23/2020 14:48,Agree,Agree
7/23/2020,MI,84431,75947,8484,701,2,6395,6148,247,7,0,7/24/2020 14:18,Agree,Agree
7/24/2020,MI,85072,76541,8531,641,47,6400,6151,249,5,2,7/25/2020 17:40,Agree,Agree
7/25/2020,MI,85622,76978,8644,550,113,6400,6149,251,0,2,7/26/2020 15:17,Agree,Agree
7/26/2020,MI,86661,78019,8642,1039,-2,6400,6149,251,0,0,7/27/2020 14:16,Agree,Agree
7/27/2020,MI,87173,78507,8666,512,24,6405,6154,251,5,0,7/28/2020 14:21,Agree,Agree
7/28/2020,MI,87958,79176,8782,785,116,6421,6170,251,16,0,7/29/2020 14:34,Agree,Agree
7/29/2020,MI,88974,80172,8802,1016,20,6422,6172,250,1,-1,7/30/2020 14:42,Agree,Agree
7/30/2020,MI,89781,80887,8894,807,92,6443,6191,252,21,2,7/31/2020 14:35,Agree,Agree
7/31/2020,MI,90574,81621,8953,793,59,6450,6199,251,7,-1,8/1/2020 14:38,Agree,Agree
8/1/2020,MI,91332,82356,8976,758,23,6457,6206,251,7,0,8/2/2020 14:54,Agree,Agree
8/2/2020,MI,91761,82782,8979,429,3,6457,6206,251,0,0,8/3/2020 14:31,Agree,Agree
8/3/2020,MI,92374,83386,8988,613,9,6463,6212,251,6,0,8/4/2020 14:09,Agree,Agree
8/4/2020,MI,93175,84050,9125,801,137,6471,6219,252,8,1,8/5/2020 14:13,Agree,Agree
8/5/2020,MI,93893,84707,9186,718,61,6478,6221,257,7,5,8/6/2020 14:12,Agree,Agree
8/6/2020,MI,94656,85429,9227,763,41,6506,6247,259,28,2,8/7/2020 23:57,Agree,Agree
8/7/2020,MI,95470,86191,9279,814,52,6524,6247,277,18,18,8/8/2020 14:58,Agree,Agree
8/8/2020,MI,96191,86889,9302,721,23,6520,6250,270,-4,-7,8/9/2020 14:03,Agree,Agree
8/9/2020,MI,96726,87403,9323,535,21,6519,6249,270,-1,0,8/10/2020 14:23,Agree,Agree
8/10/2020,MI,97306,87960,9346,580,23,6526,6257,269,7,-1,8/11/2020 14:16,Agree,Agree
8/11/2020,MI,98213,88756,9457,907,111,6533,6264,269,7,0,8/12/2020 13:50,Agree,Agree
8/12/2020,MI,98689,89271,9418,476,-39,6539,6273,266,6,-3,8/13/2020 14:12,Agree,Agree
8/13/2020,MI,99856,90392,9464,1167,46,6555,6289,266,16,0,8/14/2020 14:30,Agree,Agree
8/14/2020,MI,100724,91140,9584,868,120,6566,6300,266,11,0,8/15/2020 14:02,Agree,Agree
8/15/2020,MI,101782,92155,9627,1058,43,6586,6318,268,20,2,8/16/2020 14:57,Agree,Agree
8/16/2020,MI,102259,92720,9539,477,-88,6592,6324,268,6,0,8/17/2020 14:26,Agree,Agree
8/17/2020,MI,102749,93185,9564,490,25,6592,6325,267,0,-1,8/18/2020 14:26,Agree,Agree
8/18/2020,MI,103403,93662,9741,654,177,6608,6340,268,16,1,8/19/2020 14:23,Agree,Agree
8/19/2020,MI,104091,94278,9813,688,72,6618,6349,269,10,1,8/20/2020 15:11,Agree,Agree
8/20/2020,MI,104618,94697,9921,527,108,6634,6368,266,16,-3,8/21/2020 14:27,Agree,Agree
8/21/2020,MI,104618,94697,9921,0,0,6634,6368,266,0,0,8/22/2020 14:21,Agree,Agree
8/22/2020,MI,106044,96024,10020,1426,99,6655,6389,266,21,0,8/23/2020 14:15,Agree,Agree
8/23/2020,MI,106808,96792,10016,764,-4,6659,6393,266,4,0,8/24/2020 13:54,Agree,Agree
8/24/2020,MI,107686,97660,10026,878,10,6663,6397,266,4,0,8/25/2020 14:02,Agree,Agree
8/25/2020,MI,108637,98439,10198,951,172,6684,6417,267,21,1,8/26/2020 13:51,Agree,Agree
8/26/2020,MI,109480,99200,10280,843,82,6690,6424,266,6,-1,8/27/2020 13:42,Agree,Agree
8/27/2020,MI,110343,99958,10385,863,105,6706,6440,266,16,0,8/28/2020 13:43,Agree,Agree
8/28/2020,MI,111136,100699,10437,793,52,6712,6446,266,6,0,8/29/2020 13:42,Agree,Agree
8/29/2020,MI,111975,101478,10497,839,60,6745,6467,278,33,12,8/30/2020 14:49,Agree,Agree
8/30/2020,MI,112526,102017,10509,551,12,6748,6473,275,3,-3,8/31/2020 14:05,Agree,Agree
8/31/2020,MI,113025,102468,10557,499,48,6753,6480,273,5,-2,9/1/2020 14:09,Agree,Agree
9/1/2020,MI,113820,103186,10634,795,77,6767,6495,272,14,-1,9/2/2020 13:49,Agree,Agree
9/2/2020,MI,114468,103710,10758,648,124,6781,6509,272,14,0,9/3/2020 14:18,Agree,Agree
9/3/2020,MI,115242,104395,10847,774,89,6791,6519,272,10,0,9/4/2020 13:36,Agree,Agree
9/4/2020,MI,116295,105377,10918,1053,71,6798,6526,272,7,0,9/5/2020 14:09,Agree,Agree
9/5/2020,MI,117191,106215,10976,896,58,6806,6534,272,8,0,9/6/2020 14:09,Agree,Agree
9/6/2020,MI,117191,106215,10976,0,0,6806,6534,272,0,0,9/7/2020 13:37,Agree,Agree
9/7/2020,MI,118403,107371,11032,1212,56,6810,6538,272,4,0,9/8/2020 14:47,Agree,Agree
9/8/2020,MI,118902,107812,11090,499,58,6811,6539,272,1,0,9/9/2020 13:47,Agree,Agree
9/9/2020,MI,119863,108595,11268,961,178,6887,6552,335,76,63,9/10/2020 14:02,Agree,Agree
9/10/2020,MI,120846,109519,11327,983,59,6894,6569,325,7,-10,9/11/2020 13:51,Agree,Agree
9/11/2020,MI,122251,110832,11419,1405,92,6900,6578,322,6,-3,9/12/2020 14:12,Agree,Agree
9/12/2020,MI,123058,111524,11534,807,115,6911,6591,320,11,-2,9/13/2020 16:17,Agree,Agree
9/13/2020,MI,123058,111524,11534,0,0,6911,6591,320,0,0,9/14/2020 14:01,Agree,Agree
9/14/2020,MI,124287,112612,11675,1229,141,6921,6601,320,10,0,9/15/2020 14:03,Agree,Agree
9/15/2020,MI,124969,113183,11786,682,111,6932,6612,320,11,0,9/16/2020 13:53,Agree,Agree
9/16/2020,MI,125742,113863,11879,773,93,6943,6623,320,11,0,9/17/2020 13:45,Agree,Agree
9/17/2020,MI,126722,114692,12030,980,151,6955,6632,323,12,3,9/18/2020 13:48,Agree,Agree
9/18/2020,MI,127500,115387,12113,778,83,6954,6638,316,-1,-7,9/19/2020 14:00,Agree,Agree
9/19/2020,MI,128087,115870,12217,587,104,6969,6653,316,15,0,9/20/2020 13:53,Agree,Agree
9/20/2020,MI,128087,115870,12217,0,0,6969,6653,316,0,0,9/21/2020 13:47,Agree,Agree
9/21/2020,MI,129662,117406,12256,1575,39,6981,6665,316,12,0,9/22/2020 13:51,Agree,Agree
9/22/2020,MI,130357,117910,12447,695,191,6997,6680,317,16,1,9/23/2020 13:51,Agree,Agree
9/23/2020,MI,131259,118615,12644,902,197,7013,6692,321,16,4,9/24/2020 13:54,Agree,Agree
9/24/2020,MI,132337,119597,12740,1078,96,7019,6700,319,6,-2,9/25/2020 13:54,Agree,Agree
9/25/2020,MI,133377,120526,12851,1040,111,7027,6708,319,8,0,9/26/2020 13:46,Agree,Agree
9/26/2020,MI,134373,121427,12946,996,95,7044,6723,321,17,2,9/27/2020 13:39,Agree,Agree
9/27/2020,MI,134373,121427,12946,0,0,7044,6723,321,0,0,9/28/2020 13:50,Agree,Agree
9/28/2020,MI,135702,122735,12967,1329,21,7051,6731,320,7,-1,9/29/2020 13:50,Agree,Agree
9/29/2020,MI,136820,123633,13187,1118,220,7072,6751,321,21,1,9/30/2020 14:17,Agree,Agree
9/30/2020,MI,138014,124687,13327,1194,140,7083,6762,321,11,0,10/1/2020 13:42,Agree,Agree
10/1/2020,MI,139012,125578,13434,998,107,7102,6781,321,19,0,10/2/2020 13:40,Agree,Agree
10/2/2020,MI,139996,126358,13638,984,204,7110,6788,322,8,1,10/3/2020 13:39,Agree,Agree
10/3/2020,MI,141271,127516,13755,1275,117,7124,6801,323,14,1,10/4/2020 13:35,Agree,Agree
10/4/2020,MI,141271,127516,13755,0,0,7124,6801,323,0,0,10/5/2020 13:49,Agree,Agree
10/5/2020,MI,142726,128923,13803,1455,48,7139,6816,323,15,0,10/6/2020 13:33,Agree,Agree
10/6/2020,MI,143878,129826,14052,1152,249,7161,6838,323,22,0,10/7/2020 13:45,Agree,Agree
10/7/2020,MI,145092,130842,14250,1214,198,7169,6847,322,8,-1,10/8/2020 13:56,Agree,Agree
10/8/2020,MI,146493,132039,14454,1401,204,7193,6869,324,24,2,10/9/2020 13:43,Agree,Agree
10/9/2020,MI,147816,133134,14682,1323,228,7200,6876,324,7,0,10/10/2020 13:30,Agree,Agree
10/10/2020,MI,149464,134656,14808,1648,126,7219,6891,328,19,4,10/11/2020 13:47,Agree,Agree
10/11/2020,MI,149464,134656,14808,0,0,7219,6891,328,0,0,10/12/2020 14:07,Agree,Agree
10/12/2020,MI,151396,136465,14931,1932,123,7225,6898,327,6,-1,10/13/2020 13:29,Agree,Agree
10/13/2020,MI,152862,137702,15160,1466,229,7255,6928,327,30,0,10/14/2020 13:28,Agree,Agree
10/14/2020,MI,154455,139061,15394,1593,234,7268,6941,327,13,0,10/15/2020 13:30,Agree,Agree
10/15/2020,MI,156913,141091,15822,2458,428,7302,6973,329,34,2,10/16/2020 13:33,Agree,Agree
10/16/2020,MI,159119,143106,16013,2206,191,7317,6987,330,15,1,10/17/2020 14:09,Agree,Agree
10/17/2020,MI,159119,143106,16013,0,0,7317,6987,330,0,0,10/18/2020 13:26,Agree,Agree
10/18/2020,MI,159119,143106,16013,0,0,7317,6987,330,0,0,10/19/2020 14:06,Agree,Agree
10/19/2020,MI,164123,147806,16317,5004,304,7363,7031,332,46,2,10/20/2020 14:59,Agree,Agree
10/20/2020,MI,165994,149392,16602,1871,285,7383,7053,330,20,-2,10/21/2020 13:34,Agree,Agree
10/21/2020,MI,167872,150989,16883,1878,281,7418,7086,332,35,2,10/22/2020 13:34,Agree,Agree
10/22/2020,MI,170076,152862,17214,2204,331,7464,7129,335,46,3,10/23/2020 13:44,Agree,Agree
10/23/2020,MI,172122,154688,17434,2046,220,7484,7147,337,20,2,10/24/2020 13:26,Agree,Agree
10/24/2020,MI,175612,158026,17586,3490,152,7522,7182,340,38,3,10/25/2020 13:45,Agree,Agree
10/25/2020,MI,175612,158026,17586,0,0,7522,7182,340,0,0,10/26/2020 13:41,Agree,Agree
10/26/2020,MI,179669,161907,17762,4057,176,7552,7211,341,30,1,10/27/2020 13:47,Agree,Agree
10/27/2020,MI,182344,164274,18070,2675,308,7565,7239,326,13,-15,10/28/2020 13:52,Agree,Agree
10/28/2020,MI,185934,167545,18389,3590,319,7606,7257,349,41,23,10/29/2020 14:11,Agree,Agree
10/29/2020,MI,190043,171220,18823,4109,434,7653,7298,355,47,6,10/30/2020 13:37,Agree,Agree
10/30/2020,MI,193388,174388,19000,3345,177,7665,7309,356,12,1,10/31/2020 13:30,Agree,Agree
10/31/2020,MI,197406,178180,19226,4018,226,7699,7340,359,34,3,11/1/2020 15:03,Agree,Agree
11/1/2020,MI,197406,178180,19226,0,0,7699,7340,359,0,0,11/2/2020 14:53,Agree,Agree
11/2/2020,MI,204326,184889,19437,6920,211,7716,7357,359,17,0,11/3/2020 14:57,Agree,Agree
11/3/2020,MI,207763,187995,19768,3437,331,7761,7400,361,45,2,11/4/2020 15:03,Agree,Agree
11/4/2020,MI,212160,192096,20064,4397,296,7782,7419,363,21,2,11/5/2020 14:39,Agree,Agree
11/5/2020,MI,218263,197806,20457,6103,393,7833,7470,363,51,0,11/6/2020 15:33,Agree,Agree
11/6/2020,MI,222509,201569,20940,4246,483,7880,7513,367,47,4,11/7/2020 14:45,Agree,Agree
11/7/2020,MI,229003,207794,21209,6494,269,7945,7578,367,65,0,11/8/2020 14:40,Agree,Agree
11/8/2020,MI,229003,207794,21209,0,0,7945,7578,367,0,0,11/9/2020 14:38,Agree,Agree
11/9/2020,MI,238308,216804,21504,9305,295,8008,7640,368,63,1,11/10/2020 14:45,Agree,Agree
11/10/2020,MI,245252,223277,21975,6944,471,8094,7724,370,86,2,11/11/2020 15:14,Agree,Agree
